2025-11-08 10:16:24 | INFO     | aiapi.src.aiapi.services.vocabulary_service | get_vocabulary_collection:32 | Initializing vocabulary collection...
2025-11-08 10:16:24 | INFO     | aiapi.src.aiapi.services.vocabulary_service | get_vocabulary_collection:42 | Vocabulary collection initialized: vocabulary
2025-11-08 10:16:24 | INFO     | aiapi.src.aiapi.services.vocabulary_service | add_vocabulary:139 | Added vocabulary word: laptop (technology, beginner)
2025-11-08 10:16:24 | INFO     | aiapi.performance | __exit__:237 | add_vocabulary_laptop: 0.753s
2025-11-08 10:16:24 | INFO     | aiapi.src.aiapi.services.vocabulary_service | add_vocabulary:139 | Added vocabulary word: smartphone (technology, beginner)
2025-11-08 10:16:24 | INFO     | aiapi.performance | __exit__:237 | add_vocabulary_smartphone: 0.181s
2025-11-08 10:16:24 | INFO     | aiapi.src.aiapi.services.vocabulary_service | add_vocabulary:139 | Added vocabulary word: application (technology, intermediate)
2025-11-08 10:16:24 | INFO     | aiapi.performance | __exit__:237 | add_vocabulary_application: 0.158s
2025-11-08 10:16:24 | INFO     | aiapi.src.aiapi.services.vocabulary_service | add_vocabulary:139 | Added vocabulary word: database (technology, intermediate)
2025-11-08 10:16:24 | INFO     | aiapi.performance | __exit__:237 | add_vocabulary_database: 0.187s
2025-11-08 10:16:24 | INFO     | aiapi.src.aiapi.services.vocabulary_service | add_vocabulary:139 | Added vocabulary word: algorithm (technology, advanced)
2025-11-08 10:16:24 | INFO     | aiapi.performance | __exit__:237 | add_vocabulary_algorithm: 0.147s
2025-11-08 10:16:24 | INFO     | aiapi.src.aiapi.services.vocabulary_service | add_vocabulary:139 | Added vocabulary word: artificial intelligence (technology, advanced)
2025-11-08 10:16:24 | INFO     | aiapi.performance | __exit__:237 | add_vocabulary_artificial intelligence: 0.152s
2025-11-08 10:16:25 | INFO     | aiapi.src.aiapi.services.vocabulary_service | add_vocabulary:139 | Added vocabulary word: keyboard (technology, beginner)
2025-11-08 10:16:25 | INFO     | aiapi.performance | __exit__:237 | add_vocabulary_keyboard: 0.152s
2025-11-08 10:16:25 | INFO     | aiapi.src.aiapi.services.vocabulary_service | add_vocabulary:139 | Added vocabulary word: download (technology, beginner)
2025-11-08 10:16:25 | INFO     | aiapi.performance | __exit__:237 | add_vocabulary_download: 0.149s
2025-11-08 10:16:25 | INFO     | aiapi.src.aiapi.services.vocabulary_service | add_vocabulary:139 | Added vocabulary word: cybersecurity (technology, intermediate)
2025-11-08 10:16:25 | INFO     | aiapi.performance | __exit__:237 | add_vocabulary_cybersecurity: 0.170s
2025-11-08 10:16:25 | INFO     | aiapi.src.aiapi.services.vocabulary_service | add_vocabulary:139 | Added vocabulary word: cloud computing (technology, intermediate)
2025-11-08 10:16:25 | INFO     | aiapi.performance | __exit__:237 | add_vocabulary_cloud computing: 0.151s
2025-11-08 10:16:25 | INFO     | aiapi.src.aiapi.services.vocabulary_service | add_vocabulary:139 | Added vocabulary word: blockchain (technology, advanced)
2025-11-08 10:16:25 | INFO     | aiapi.performance | __exit__:237 | add_vocabulary_blockchain: 0.148s
2025-11-08 10:16:25 | INFO     | aiapi.src.aiapi.services.vocabulary_service | add_vocabulary:139 | Added vocabulary word: quantum computing (technology, advanced)
2025-11-08 10:16:25 | INFO     | aiapi.performance | __exit__:237 | add_vocabulary_quantum computing: 0.145s
2025-11-08 10:16:26 | INFO     | aiapi.src.aiapi.services.vocabulary_service | add_vocabulary:139 | Added vocabulary word: meeting (business, beginner)
2025-11-08 10:16:26 | INFO     | aiapi.performance | __exit__:237 | add_vocabulary_meeting: 0.139s
2025-11-08 10:16:26 | INFO     | aiapi.src.aiapi.services.vocabulary_service | add_vocabulary:139 | Added vocabulary word: deadline (business, beginner)
2025-11-08 10:16:26 | INFO     | aiapi.performance | __exit__:237 | add_vocabulary_deadline: 0.148s
2025-11-08 10:16:26 | INFO     | aiapi.src.aiapi.services.vocabulary_service | add_vocabulary:139 | Added vocabulary word: contract (business, beginner)
2025-11-08 10:16:26 | INFO     | aiapi.performance | __exit__:237 | add_vocabulary_contract: 0.146s
2025-11-08 10:16:26 | INFO     | aiapi.src.aiapi.services.vocabulary_service | add_vocabulary:139 | Added vocabulary word: profit (business, beginner)
2025-11-08 10:16:26 | INFO     | aiapi.performance | __exit__:237 | add_vocabulary_profit: 0.205s
2025-11-08 10:16:26 | INFO     | aiapi.src.aiapi.services.vocabulary_service | add_vocabulary:139 | Added vocabulary word: negotiate (business, intermediate)
2025-11-08 10:16:26 | INFO     | aiapi.performance | __exit__:237 | add_vocabulary_negotiate: 0.140s
2025-11-08 10:16:26 | INFO     | aiapi.src.aiapi.services.vocabulary_service | add_vocabulary:139 | Added vocabulary word: revenue (business, intermediate)
2025-11-08 10:16:26 | INFO     | aiapi.performance | __exit__:237 | add_vocabulary_revenue: 0.145s
2025-11-08 10:16:26 | INFO     | aiapi.src.aiapi.services.vocabulary_service | add_vocabulary:139 | Added vocabulary word: entrepreneur (business, intermediate)
2025-11-08 10:16:26 | INFO     | aiapi.performance | __exit__:237 | add_vocabulary_entrepreneur: 0.142s
2025-11-08 10:16:27 | INFO     | aiapi.src.aiapi.services.vocabulary_service | add_vocabulary:139 | Added vocabulary word: investment (business, intermediate)
2025-11-08 10:16:27 | INFO     | aiapi.performance | __exit__:237 | add_vocabulary_investment: 0.145s
2025-11-08 10:16:27 | INFO     | aiapi.src.aiapi.services.vocabulary_service | add_vocabulary:139 | Added vocabulary word: stakeholder (business, advanced)
2025-11-08 10:16:27 | INFO     | aiapi.performance | __exit__:237 | add_vocabulary_stakeholder: 0.151s
2025-11-08 10:16:27 | INFO     | aiapi.src.aiapi.services.vocabulary_service | add_vocabulary:139 | Added vocabulary word: synergy (business, advanced)
2025-11-08 10:16:27 | INFO     | aiapi.performance | __exit__:237 | add_vocabulary_synergy: 0.223s
2025-11-08 10:16:27 | INFO     | aiapi.src.aiapi.services.vocabulary_service | add_vocabulary:139 | Added vocabulary word: merger (business, advanced)
2025-11-08 10:16:27 | INFO     | aiapi.performance | __exit__:237 | add_vocabulary_merger: 0.147s
2025-11-08 10:16:27 | INFO     | aiapi.src.aiapi.services.vocabulary_service | add_vocabulary:139 | Added vocabulary word: diversification (business, advanced)
2025-11-08 10:16:27 | INFO     | aiapi.performance | __exit__:237 | add_vocabulary_diversification: 0.163s
2025-11-08 10:16:27 | INFO     | aiapi.src.aiapi.services.vocabulary_service | add_vocabulary:139 | Added vocabulary word: teacher (education, beginner)
2025-11-08 10:16:27 | INFO     | aiapi.performance | __exit__:237 | add_vocabulary_teacher: 0.177s
2025-11-08 10:16:28 | INFO     | aiapi.src.aiapi.services.vocabulary_service | add_vocabulary:139 | Added vocabulary word: homework (education, beginner)
2025-11-08 10:16:28 | INFO     | aiapi.performance | __exit__:237 | add_vocabulary_homework: 0.153s
2025-11-08 10:16:28 | INFO     | aiapi.src.aiapi.services.vocabulary_service | add_vocabulary:139 | Added vocabulary word: classroom (education, beginner)
2025-11-08 10:16:28 | INFO     | aiapi.performance | __exit__:237 | add_vocabulary_classroom: 0.336s
2025-11-08 10:16:28 | INFO     | aiapi.src.aiapi.services.vocabulary_service | add_vocabulary:139 | Added vocabulary word: exam (education, beginner)
2025-11-08 10:16:28 | INFO     | aiapi.performance | __exit__:237 | add_vocabulary_exam: 0.165s
2025-11-08 10:16:28 | INFO     | aiapi.src.aiapi.services.vocabulary_service | add_vocabulary:139 | Added vocabulary word: curriculum (education, intermediate)
2025-11-08 10:16:28 | INFO     | aiapi.performance | __exit__:237 | add_vocabulary_curriculum: 0.152s
2025-11-08 10:16:28 | INFO     | aiapi.src.aiapi.services.vocabulary_service | add_vocabulary:139 | Added vocabulary word: scholarship (education, intermediate)
2025-11-08 10:16:28 | INFO     | aiapi.performance | __exit__:237 | add_vocabulary_scholarship: 0.181s
2025-11-08 10:16:29 | INFO     | aiapi.src.aiapi.services.vocabulary_service | add_vocabulary:139 | Added vocabulary word: assignment (education, intermediate)
2025-11-08 10:16:29 | INFO     | aiapi.performance | __exit__:237 | add_vocabulary_assignment: 0.145s
2025-11-08 10:16:29 | INFO     | aiapi.src.aiapi.services.vocabulary_service | add_vocabulary:139 | Added vocabulary word: dissertation (education, intermediate)
2025-11-08 10:16:29 | INFO     | aiapi.performance | __exit__:237 | add_vocabulary_dissertation: 0.161s
2025-11-08 10:16:29 | INFO     | aiapi.src.aiapi.services.vocabulary_service | add_vocabulary:139 | Added vocabulary word: pedagogy (education, advanced)
2025-11-08 10:16:29 | INFO     | aiapi.performance | __exit__:237 | add_vocabulary_pedagogy: 0.250s
2025-11-08 10:16:29 | INFO     | aiapi.src.aiapi.services.vocabulary_service | add_vocabulary:139 | Added vocabulary word: interdisciplinary (education, advanced)
2025-11-08 10:16:29 | INFO     | aiapi.performance | __exit__:237 | add_vocabulary_interdisciplinary: 0.174s
2025-11-08 10:16:29 | INFO     | aiapi.src.aiapi.services.vocabulary_service | add_vocabulary:139 | Added vocabulary word: accreditation (education, advanced)
2025-11-08 10:16:29 | INFO     | aiapi.performance | __exit__:237 | add_vocabulary_accreditation: 0.146s
2025-11-08 10:16:29 | INFO     | aiapi.src.aiapi.services.vocabulary_service | add_vocabulary:139 | Added vocabulary word: metacognition (education, advanced)
2025-11-08 10:16:29 | INFO     | aiapi.performance | __exit__:237 | add_vocabulary_metacognition: 0.173s
2025-11-08 10:16:30 | INFO     | aiapi.src.aiapi.services.vocabulary_service | add_vocabulary:139 | Added vocabulary word: breakfast (daily life, beginner)
2025-11-08 10:16:30 | INFO     | aiapi.performance | __exit__:237 | add_vocabulary_breakfast: 0.152s
2025-11-08 10:16:30 | INFO     | aiapi.src.aiapi.services.vocabulary_service | add_vocabulary:139 | Added vocabulary word: grocery (daily life, beginner)
2025-11-08 10:16:30 | INFO     | aiapi.performance | __exit__:237 | add_vocabulary_grocery: 0.169s
2025-11-08 10:16:30 | INFO     | aiapi.src.aiapi.services.vocabulary_service | add_vocabulary:139 | Added vocabulary word: laundry (daily life, beginner)
2025-11-08 10:16:30 | INFO     | aiapi.performance | __exit__:237 | add_vocabulary_laundry: 0.148s
2025-11-08 10:16:30 | INFO     | aiapi.src.aiapi.services.vocabulary_service | add_vocabulary:139 | Added vocabulary word: neighbor (daily life, beginner)
2025-11-08 10:16:30 | INFO     | aiapi.performance | __exit__:237 | add_vocabulary_neighbor: 0.153s
2025-11-08 10:16:30 | INFO     | aiapi.src.aiapi.services.vocabulary_service | add_vocabulary:139 | Added vocabulary word: commute (daily life, intermediate)
2025-11-08 10:16:30 | INFO     | aiapi.performance | __exit__:237 | add_vocabulary_commute: 0.149s
2025-11-08 10:16:30 | INFO     | aiapi.src.aiapi.services.vocabulary_service | add_vocabulary:139 | Added vocabulary word: routine (daily life, intermediate)
2025-11-08 10:16:30 | INFO     | aiapi.performance | __exit__:237 | add_vocabulary_routine: 0.157s
2025-11-08 10:16:31 | INFO     | aiapi.src.aiapi.services.vocabulary_service | add_vocabulary:139 | Added vocabulary word: chore (daily life, intermediate)
2025-11-08 10:16:31 | INFO     | aiapi.performance | __exit__:237 | add_vocabulary_chore: 0.199s
2025-11-08 10:16:31 | INFO     | aiapi.src.aiapi.services.vocabulary_service | add_vocabulary:139 | Added vocabulary word: errand (daily life, intermediate)
2025-11-08 10:16:31 | INFO     | aiapi.performance | __exit__:237 | add_vocabulary_errand: 0.180s
2025-11-08 10:16:31 | INFO     | aiapi.src.aiapi.services.vocabulary_service | add_vocabulary:139 | Added vocabulary word: procrastinate (daily life, advanced)
2025-11-08 10:16:31 | INFO     | aiapi.performance | __exit__:237 | add_vocabulary_procrastinate: 0.181s
2025-11-08 10:16:31 | INFO     | aiapi.src.aiapi.services.vocabulary_service | add_vocabulary:139 | Added vocabulary word: multitask (daily life, advanced)
2025-11-08 10:16:31 | INFO     | aiapi.performance | __exit__:237 | add_vocabulary_multitask: 0.184s
2025-11-08 10:16:31 | INFO     | aiapi.src.aiapi.services.vocabulary_service | add_vocabulary:139 | Added vocabulary word: work-life balance (daily life, advanced)
2025-11-08 10:16:31 | INFO     | aiapi.performance | __exit__:237 | add_vocabulary_work-life balance: 0.173s
2025-11-08 10:16:32 | INFO     | aiapi.src.aiapi.services.vocabulary_service | add_vocabulary:139 | Added vocabulary word: mindfulness (daily life, advanced)
2025-11-08 10:16:32 | INFO     | aiapi.performance | __exit__:237 | add_vocabulary_mindfulness: 0.200s
2025-11-08 10:16:32 | INFO     | aiapi.src.aiapi.services.vocabulary_service | add_vocabulary:139 | Added vocabulary word: airport (travel, beginner)
2025-11-08 10:16:32 | INFO     | aiapi.performance | __exit__:237 | add_vocabulary_airport: 0.186s
2025-11-08 10:16:32 | INFO     | aiapi.src.aiapi.services.vocabulary_service | add_vocabulary:139 | Added vocabulary word: passport (travel, beginner)
2025-11-08 10:16:32 | INFO     | aiapi.performance | __exit__:237 | add_vocabulary_passport: 0.182s
2025-11-08 10:16:32 | INFO     | aiapi.src.aiapi.services.vocabulary_service | add_vocabulary:139 | Added vocabulary word: luggage (travel, beginner)
2025-11-08 10:16:32 | INFO     | aiapi.performance | __exit__:237 | add_vocabulary_luggage: 0.197s
2025-11-08 10:16:32 | INFO     | aiapi.src.aiapi.services.vocabulary_service | add_vocabulary:139 | Added vocabulary word: tourist (travel, beginner)
2025-11-08 10:16:32 | INFO     | aiapi.performance | __exit__:237 | add_vocabulary_tourist: 0.177s
2025-11-08 10:16:32 | INFO     | aiapi.src.aiapi.services.vocabulary_service | add_vocabulary:139 | Added vocabulary word: itinerary (travel, intermediate)
2025-11-08 10:16:32 | INFO     | aiapi.performance | __exit__:237 | add_vocabulary_itinerary: 0.179s
2025-11-08 10:16:33 | INFO     | aiapi.src.aiapi.services.vocabulary_service | add_vocabulary:139 | Added vocabulary word: accommodation (travel, intermediate)
2025-11-08 10:16:33 | INFO     | aiapi.performance | __exit__:237 | add_vocabulary_accommodation: 0.275s
2025-11-08 10:16:33 | INFO     | aiapi.src.aiapi.services.vocabulary_service | add_vocabulary:139 | Added vocabulary word: reservation (travel, intermediate)
2025-11-08 10:16:33 | INFO     | aiapi.performance | __exit__:237 | add_vocabulary_reservation: 0.171s
2025-11-08 10:16:33 | INFO     | aiapi.src.aiapi.services.vocabulary_service | add_vocabulary:139 | Added vocabulary word: excursion (travel, intermediate)
2025-11-08 10:16:33 | INFO     | aiapi.performance | __exit__:237 | add_vocabulary_excursion: 0.173s
2025-11-08 10:16:33 | INFO     | aiapi.src.aiapi.services.vocabulary_service | add_vocabulary:139 | Added vocabulary word: jet lag (travel, advanced)
2025-11-08 10:16:33 | INFO     | aiapi.performance | __exit__:237 | add_vocabulary_jet lag: 0.179s
2025-11-08 10:16:33 | INFO     | aiapi.src.aiapi.services.vocabulary_service | add_vocabulary:139 | Added vocabulary word: wanderlust (travel, advanced)
2025-11-08 10:16:33 | INFO     | aiapi.performance | __exit__:237 | add_vocabulary_wanderlust: 0.174s
2025-11-08 10:16:34 | INFO     | aiapi.src.aiapi.services.vocabulary_service | add_vocabulary:139 | Added vocabulary word: ecotourism (travel, advanced)
2025-11-08 10:16:34 | INFO     | aiapi.performance | __exit__:237 | add_vocabulary_ecotourism: 0.192s
2025-11-08 10:16:34 | INFO     | aiapi.src.aiapi.services.vocabulary_service | add_vocabulary:139 | Added vocabulary word: backpacking (travel, advanced)
2025-11-08 10:16:34 | INFO     | aiapi.performance | __exit__:237 | add_vocabulary_backpacking: 0.182s
2025-11-08 10:16:34 | INFO     | aiapi.src.aiapi.services.vocabulary_service | add_vocabulary:139 | Added vocabulary word: software (technology, beginner)
2025-11-08 10:16:34 | INFO     | aiapi.performance | __exit__:237 | add_vocabulary_software: 0.176s
2025-11-08 10:16:34 | INFO     | aiapi.src.aiapi.services.vocabulary_service | add_vocabulary:139 | Added vocabulary word: network (technology, intermediate)
2025-11-08 10:16:34 | INFO     | aiapi.performance | __exit__:237 | add_vocabulary_network: 0.183s
2025-11-08 10:16:34 | INFO     | aiapi.src.aiapi.services.vocabulary_service | add_vocabulary:139 | Added vocabulary word: encryption (technology, advanced)
2025-11-08 10:16:34 | INFO     | aiapi.performance | __exit__:237 | add_vocabulary_encryption: 0.178s
2025-11-08 10:16:35 | INFO     | aiapi.src.aiapi.services.vocabulary_service | add_vocabulary:139 | Added vocabulary word: budget (business, beginner)
2025-11-08 10:16:35 | INFO     | aiapi.performance | __exit__:237 | add_vocabulary_budget: 0.184s
2025-11-08 10:16:35 | INFO     | aiapi.src.aiapi.services.vocabulary_service | add_vocabulary:139 | Added vocabulary word: strategy (business, intermediate)
2025-11-08 10:16:35 | INFO     | aiapi.performance | __exit__:237 | add_vocabulary_strategy: 0.170s
2025-11-08 10:16:35 | INFO     | aiapi.src.aiapi.services.vocabulary_service | add_vocabulary:139 | Added vocabulary word: leverage (business, advanced)
2025-11-08 10:16:35 | INFO     | aiapi.performance | __exit__:237 | add_vocabulary_leverage: 0.170s
2025-11-08 10:16:35 | INFO     | aiapi.src.aiapi.services.vocabulary_service | add_vocabulary:139 | Added vocabulary word: student (education, beginner)
2025-11-08 10:16:35 | INFO     | aiapi.performance | __exit__:237 | add_vocabulary_student: 0.178s
2025-11-08 10:16:35 | INFO     | aiapi.src.aiapi.services.vocabulary_service | add_vocabulary:139 | Added vocabulary word: lecture (education, intermediate)
2025-11-08 10:16:35 | INFO     | aiapi.performance | __exit__:237 | add_vocabulary_lecture: 0.176s
2025-11-08 10:16:35 | INFO     | aiapi.src.aiapi.services.vocabulary_service | add_vocabulary:139 | Added vocabulary word: thesis (education, advanced)
2025-11-08 10:16:35 | INFO     | aiapi.performance | __exit__:237 | add_vocabulary_thesis: 0.187s
2025-11-08 10:16:36 | INFO     | aiapi.src.aiapi.services.vocabulary_service | add_vocabulary:139 | Added vocabulary word: kitchen (daily life, beginner)
2025-11-08 10:16:36 | INFO     | aiapi.performance | __exit__:237 | add_vocabulary_kitchen: 0.181s
2025-11-08 10:16:36 | INFO     | aiapi.src.aiapi.services.vocabulary_service | add_vocabulary:139 | Added vocabulary word: schedule (daily life, intermediate)
2025-11-08 10:16:36 | INFO     | aiapi.performance | __exit__:237 | add_vocabulary_schedule: 0.175s
2025-11-08 10:16:36 | INFO     | aiapi.src.aiapi.services.vocabulary_service | add_vocabulary:139 | Added vocabulary word: prioritize (daily life, advanced)
2025-11-08 10:16:36 | INFO     | aiapi.performance | __exit__:237 | add_vocabulary_prioritize: 0.167s
2025-11-08 10:16:36 | INFO     | aiapi.src.aiapi.services.vocabulary_service | add_vocabulary:139 | Added vocabulary word: hotel (travel, beginner)
2025-11-08 10:16:36 | INFO     | aiapi.performance | __exit__:237 | add_vocabulary_hotel: 0.181s
2025-11-08 10:16:36 | INFO     | aiapi.src.aiapi.services.vocabulary_service | add_vocabulary:139 | Added vocabulary word: destination (travel, intermediate)
2025-11-08 10:16:36 | INFO     | aiapi.performance | __exit__:237 | add_vocabulary_destination: 0.180s
2025-11-08 10:16:36 | INFO     | aiapi.src.aiapi.services.vocabulary_service | add_vocabulary:139 | Added vocabulary word: expedition (travel, advanced)
2025-11-08 10:16:36 | INFO     | aiapi.performance | __exit__:237 | add_vocabulary_expedition: 0.179s
2025-11-08 10:16:37 | INFO     | aiapi.src.aiapi.services.vocabulary_service | add_vocabulary:139 | Added vocabulary word: innovative (technology, intermediate)
2025-11-08 10:16:37 | INFO     | aiapi.performance | __exit__:237 | add_vocabulary_innovative: 0.174s
2025-11-08 10:16:37 | INFO     | aiapi.src.aiapi.services.vocabulary_service | add_vocabulary:139 | Added vocabulary word: collaborate (business, intermediate)
2025-11-08 10:16:37 | INFO     | aiapi.performance | __exit__:237 | add_vocabulary_collaborate: 0.218s
2025-11-08 10:16:37 | INFO     | aiapi.src.aiapi.services.vocabulary_service | add_vocabulary:139 | Added vocabulary word: graduate (education, beginner)
2025-11-08 10:16:37 | INFO     | aiapi.performance | __exit__:237 | add_vocabulary_graduate: 0.179s
2025-11-08 10:16:37 | INFO     | aiapi.src.aiapi.services.vocabulary_service | add_vocabulary:139 | Added vocabulary word: exercise (daily life, beginner)
2025-11-08 10:16:37 | INFO     | aiapi.performance | __exit__:237 | add_vocabulary_exercise: 0.201s
2025-11-08 10:16:37 | INFO     | aiapi.src.aiapi.services.vocabulary_service | add_vocabulary:139 | Added vocabulary word: sightseeing (travel, beginner)
2025-11-08 10:16:37 | INFO     | aiapi.performance | __exit__:237 | add_vocabulary_sightseeing: 0.195s
2025-11-08 10:16:38 | INFO     | aiapi.src.aiapi.services.vocabulary_service | add_vocabulary:139 | Added vocabulary word: interface (technology, intermediate)
2025-11-08 10:16:38 | INFO     | aiapi.performance | __exit__:237 | add_vocabulary_interface: 0.177s
2025-11-08 10:16:38 | INFO     | aiapi.src.aiapi.services.vocabulary_service | add_vocabulary:139 | Added vocabulary word: productivity (business, intermediate)
2025-11-08 10:16:38 | INFO     | aiapi.performance | __exit__:237 | add_vocabulary_productivity: 0.198s
2025-11-08 10:16:38 | INFO     | aiapi.src.aiapi.services.vocabulary_service | add_vocabulary:139 | Added vocabulary word: tuition (education, intermediate)
2025-11-08 10:16:38 | INFO     | aiapi.performance | __exit__:237 | add_vocabulary_tuition: 0.174s
2025-11-08 10:16:38 | INFO     | aiapi.src.aiapi.services.vocabulary_service | add_vocabulary:139 | Added vocabulary word: relax (daily life, beginner)
2025-11-08 10:16:38 | INFO     | aiapi.performance | __exit__:237 | add_vocabulary_relax: 0.298s
2025-11-08 10:16:38 | INFO     | aiapi.src.aiapi.services.vocabulary_service | add_vocabulary:139 | Added vocabulary word: souvenir (travel, beginner)
2025-11-08 10:16:38 | INFO     | aiapi.performance | __exit__:237 | add_vocabulary_souvenir: 0.164s
2025-11-08 10:16:39 | INFO     | aiapi.src.aiapi.services.vocabulary_service | add_vocabulary:139 | Added vocabulary word: virtual reality (technology, advanced)
2025-11-08 10:16:39 | INFO     | aiapi.performance | __exit__:237 | add_vocabulary_virtual reality: 0.168s
2025-11-08 10:16:39 | INFO     | aiapi.src.aiapi.services.vocabulary_service | add_vocabulary:139 | Added vocabulary word: franchise (business, advanced)
2025-11-08 10:16:39 | INFO     | aiapi.performance | __exit__:237 | add_vocabulary_franchise: 0.190s
2025-11-08 10:16:39 | INFO     | aiapi.src.aiapi.services.vocabulary_service | add_vocabulary:139 | Added vocabulary word: seminar (education, intermediate)
2025-11-08 10:16:39 | INFO     | aiapi.performance | __exit__:237 | add_vocabulary_seminar: 0.176s
2025-11-08 10:16:39 | INFO     | aiapi.src.aiapi.services.vocabulary_service | add_vocabulary:139 | Added vocabulary word: balance (daily life, intermediate)
2025-11-08 10:16:39 | INFO     | aiapi.performance | __exit__:237 | add_vocabulary_balance: 0.168s
2025-11-08 10:16:39 | INFO     | aiapi.src.aiapi.services.vocabulary_service | add_vocabulary:139 | Added vocabulary word: cruise (travel, intermediate)
2025-11-08 10:16:39 | INFO     | aiapi.performance | __exit__:237 | add_vocabulary_cruise: 0.176s
2025-11-08 10:16:39 | INFO     | aiapi.src.aiapi.services.vocabulary_service | add_vocabulary:139 | Added vocabulary word: automation (technology, advanced)
2025-11-08 10:16:39 | INFO     | aiapi.performance | __exit__:237 | add_vocabulary_automation: 0.177s
2025-11-08 10:16:40 | INFO     | aiapi.src.aiapi.services.vocabulary_service | add_vocabulary:139 | Added vocabulary word: partnership (business, intermediate)
2025-11-08 10:16:40 | INFO     | aiapi.performance | __exit__:237 | add_vocabulary_partnership: 0.173s
2025-11-08 10:16:40 | INFO     | aiapi.src.aiapi.services.vocabulary_service | add_vocabulary:139 | Added vocabulary word: certificate (education, beginner)
2025-11-08 10:16:40 | INFO     | aiapi.performance | __exit__:237 | add_vocabulary_certificate: 0.194s
2025-11-08 10:16:40 | INFO     | aiapi.src.aiapi.services.vocabulary_service | add_vocabulary:139 | Added vocabulary word: organize (daily life, beginner)
2025-11-08 10:16:40 | INFO     | aiapi.performance | __exit__:237 | add_vocabulary_organize: 0.178s
2025-11-08 10:16:40 | INFO     | aiapi.src.aiapi.services.vocabulary_service | add_vocabulary:139 | Added vocabulary word: landmark (travel, intermediate)
2025-11-08 10:16:40 | INFO     | aiapi.performance | __exit__:237 | add_vocabulary_landmark: 0.177s
2025-11-08 10:16:40 | INFO     | aiapi.src.aiapi.services.vocabulary_service | add_vocabulary:139 | Added vocabulary word: prototype (technology, advanced)
2025-11-08 10:16:40 | INFO     | aiapi.performance | __exit__:237 | add_vocabulary_prototype: 0.181s
2025-11-08 10:16:41 | INFO     | aiapi.src.aiapi.services.vocabulary_service | add_vocabulary:139 | Added vocabulary word: consultant (business, intermediate)
2025-11-08 10:16:41 | INFO     | aiapi.performance | __exit__:237 | add_vocabulary_consultant: 0.183s
2025-11-08 10:16:41 | INFO     | aiapi.src.aiapi.services.vocabulary_service | add_vocabulary:139 | Added vocabulary word: research (education, intermediate)
2025-11-08 10:16:41 | INFO     | aiapi.performance | __exit__:237 | add_vocabulary_research: 0.171s
2025-11-08 10:16:41 | INFO     | aiapi.src.aiapi.services.vocabulary_service | add_vocabulary:139 | Added vocabulary word: efficient (daily life, intermediate)
2025-11-08 10:16:41 | INFO     | aiapi.performance | __exit__:237 | add_vocabulary_efficient: 0.178s
2025-11-08 10:16:41 | INFO     | aiapi.src.aiapi.services.vocabulary_service | add_vocabulary:139 | Added vocabulary word: adventure (travel, intermediate)
2025-11-08 10:16:41 | INFO     | aiapi.performance | __exit__:237 | add_vocabulary_adventure: 0.180s
2025-11-08 10:16:41 | INFO     | aiapi.src.aiapi.services.vocabulary_service | add_vocabulary:139 | Added vocabulary word: quickly (general, beginner)
2025-11-08 10:16:41 | INFO     | aiapi.performance | __exit__:237 | add_vocabulary_quickly: 0.174s
2025-11-08 10:16:41 | INFO     | aiapi.src.aiapi.services.vocabulary_service | add_vocabulary:139 | Added vocabulary word: carefully (general, beginner)
2025-11-08 10:16:41 | INFO     | aiapi.performance | __exit__:237 | add_vocabulary_carefully: 0.185s
2025-11-08 10:16:42 | INFO     | aiapi.src.aiapi.services.vocabulary_service | add_vocabulary:139 | Added vocabulary word: slowly (general, beginner)
2025-11-08 10:16:42 | INFO     | aiapi.performance | __exit__:237 | add_vocabulary_slowly: 0.183s
2025-11-08 10:16:42 | INFO     | aiapi.src.aiapi.services.vocabulary_service | add_vocabulary:139 | Added vocabulary word: easily (general, beginner)
2025-11-08 10:16:42 | INFO     | aiapi.performance | __exit__:237 | add_vocabulary_easily: 0.172s
2025-11-08 10:16:42 | INFO     | aiapi.src.aiapi.services.vocabulary_service | add_vocabulary:139 | Added vocabulary word: suddenly (general, intermediate)
2025-11-08 10:16:42 | INFO     | aiapi.performance | __exit__:237 | add_vocabulary_suddenly: 0.166s
2025-11-08 10:16:42 | INFO     | aiapi.src.aiapi.services.vocabulary_service | add_vocabulary:139 | Added vocabulary word: frequently (general, intermediate)
2025-11-08 10:16:42 | INFO     | aiapi.performance | __exit__:237 | add_vocabulary_frequently: 0.187s
2025-11-08 10:16:42 | INFO     | aiapi.src.aiapi.services.vocabulary_service | add_vocabulary:139 | Added vocabulary word: efficiently (business, intermediate)
2025-11-08 10:16:42 | INFO     | aiapi.performance | __exit__:237 | add_vocabulary_efficiently: 0.218s
2025-11-08 10:16:43 | INFO     | aiapi.src.aiapi.services.vocabulary_service | add_vocabulary:139 | Added vocabulary word: significantly (general, advanced)
2025-11-08 10:16:43 | INFO     | aiapi.performance | __exit__:237 | add_vocabulary_significantly: 0.169s
2025-11-08 10:16:43 | INFO     | aiapi.src.aiapi.services.vocabulary_service | add_vocabulary:139 | Added vocabulary word: beautiful (general, beginner)
2025-11-08 10:16:43 | INFO     | aiapi.performance | __exit__:237 | add_vocabulary_beautiful: 0.229s
2025-11-08 10:16:43 | INFO     | aiapi.src.aiapi.services.vocabulary_service | add_vocabulary:139 | Added vocabulary word: important (general, beginner)
2025-11-08 10:16:43 | INFO     | aiapi.performance | __exit__:237 | add_vocabulary_important: 0.186s
2025-11-08 10:16:43 | INFO     | aiapi.src.aiapi.services.vocabulary_service | add_vocabulary:139 | Added vocabulary word: difficult (general, beginner)
2025-11-08 10:16:43 | INFO     | aiapi.performance | __exit__:237 | add_vocabulary_difficult: 0.178s
2025-11-08 10:16:43 | INFO     | aiapi.src.aiapi.services.vocabulary_service | add_vocabulary:139 | Added vocabulary word: interesting (general, beginner)
2025-11-08 10:16:43 | INFO     | aiapi.performance | __exit__:237 | add_vocabulary_interesting: 0.169s
2025-11-08 10:16:43 | INFO     | aiapi.src.aiapi.services.vocabulary_service | add_vocabulary:139 | Added vocabulary word: comfortable (daily life, beginner)
2025-11-08 10:16:43 | INFO     | aiapi.performance | __exit__:237 | add_vocabulary_comfortable: 0.173s
2025-11-08 10:16:44 | INFO     | aiapi.src.aiapi.services.vocabulary_service | add_vocabulary:139 | Added vocabulary word: successful (business, intermediate)
2025-11-08 10:16:44 | INFO     | aiapi.performance | __exit__:237 | add_vocabulary_successful: 0.185s
2025-11-08 10:16:44 | INFO     | aiapi.src.aiapi.services.vocabulary_service | add_vocabulary:139 | Added vocabulary word: efficient (business, intermediate)
2025-11-08 10:16:44 | INFO     | aiapi.performance | __exit__:237 | add_vocabulary_efficient: 0.188s
2025-11-08 10:16:44 | INFO     | aiapi.src.aiapi.services.vocabulary_service | add_vocabulary:139 | Added vocabulary word: sustainable (business, advanced)
2025-11-08 10:16:44 | INFO     | aiapi.performance | __exit__:237 | add_vocabulary_sustainable: 0.177s
2025-11-08 10:16:44 | INFO     | aiapi.src.aiapi.services.vocabulary_service | add_vocabulary:139 | Added vocabulary word: comprehensive (education, advanced)
2025-11-08 10:16:44 | INFO     | aiapi.performance | __exit__:237 | add_vocabulary_comprehensive: 0.172s
2025-11-08 10:16:44 | INFO     | aiapi.src.aiapi.services.vocabulary_service | add_vocabulary:139 | Added vocabulary word: study (education, beginner)
2025-11-08 10:16:44 | INFO     | aiapi.performance | __exit__:237 | add_vocabulary_study: 0.186s
2025-11-08 10:16:45 | INFO     | aiapi.src.aiapi.services.vocabulary_service | add_vocabulary:139 | Added vocabulary word: work (business, beginner)
2025-11-08 10:16:45 | INFO     | aiapi.performance | __exit__:237 | add_vocabulary_work: 0.170s
2025-11-08 10:16:45 | INFO     | aiapi.src.aiapi.services.vocabulary_service | add_vocabulary:139 | Added vocabulary word: travel (travel, beginner)
2025-11-08 10:16:45 | INFO     | aiapi.performance | __exit__:237 | add_vocabulary_travel: 0.173s
2025-11-08 10:16:45 | INFO     | aiapi.src.aiapi.services.vocabulary_service | add_vocabulary:139 | Added vocabulary word: communicate (general, intermediate)
2025-11-08 10:16:45 | INFO     | aiapi.performance | __exit__:237 | add_vocabulary_communicate: 0.170s
2025-11-08 10:16:45 | INFO     | aiapi.src.aiapi.services.vocabulary_service | add_vocabulary:139 | Added vocabulary word: develop (business, intermediate)
2025-11-08 10:16:45 | INFO     | aiapi.performance | __exit__:237 | add_vocabulary_develop: 0.172s
2025-11-08 10:16:45 | INFO     | aiapi.src.aiapi.services.vocabulary_service | add_vocabulary:139 | Added vocabulary word: implement (business, advanced)
2025-11-08 10:16:45 | INFO     | aiapi.performance | __exit__:237 | add_vocabulary_implement: 0.176s
2025-11-08 10:16:46 | INFO     | aiapi.src.aiapi.services.vocabulary_service | add_vocabulary:139 | Added vocabulary word: analyze (education, advanced)
2025-11-08 10:16:46 | INFO     | aiapi.performance | __exit__:237 | add_vocabulary_analyze: 0.290s
2025-11-08 10:16:46 | INFO     | aiapi.src.aiapi.services.vocabulary_service | add_vocabulary:139 | Added vocabulary word: computer (technology, beginner)
2025-11-08 10:16:46 | INFO     | aiapi.performance | __exit__:237 | add_vocabulary_computer: 0.171s
2025-11-08 10:16:46 | INFO     | aiapi.src.aiapi.services.vocabulary_service | add_vocabulary:139 | Added vocabulary word: internet (technology, beginner)
2025-11-08 10:16:46 | INFO     | aiapi.performance | __exit__:237 | add_vocabulary_internet: 0.166s
2025-11-08 10:16:46 | INFO     | aiapi.src.aiapi.services.vocabulary_service | add_vocabulary:139 | Added vocabulary word: email (technology, beginner)
2025-11-08 10:16:46 | INFO     | aiapi.performance | __exit__:237 | add_vocabulary_email: 0.177s
2025-11-08 10:16:46 | INFO     | aiapi.src.aiapi.services.vocabulary_service | add_vocabulary:139 | Added vocabulary word: website (technology, beginner)
2025-11-08 10:16:46 | INFO     | aiapi.performance | __exit__:237 | add_vocabulary_website: 0.168s
2025-11-08 10:16:46 | INFO     | aiapi.src.aiapi.services.vocabulary_service | add_vocabulary:139 | Added vocabulary word: password (technology, beginner)
2025-11-08 10:16:46 | INFO     | aiapi.performance | __exit__:237 | add_vocabulary_password: 0.180s
2025-11-08 10:16:47 | INFO     | aiapi.src.aiapi.services.vocabulary_service | add_vocabulary:139 | Added vocabulary word: data (technology, intermediate)
2025-11-08 10:16:47 | INFO     | aiapi.performance | __exit__:237 | add_vocabulary_data: 0.174s
2025-11-08 10:16:47 | INFO     | aiapi.src.aiapi.services.vocabulary_service | add_vocabulary:139 | Added vocabulary word: server (technology, intermediate)
2025-11-08 10:16:47 | INFO     | aiapi.performance | __exit__:237 | add_vocabulary_server: 0.174s
2025-11-08 10:16:47 | INFO     | aiapi.src.aiapi.services.vocabulary_service | add_vocabulary:139 | Added vocabulary word: programming (technology, intermediate)
2025-11-08 10:16:47 | INFO     | aiapi.performance | __exit__:237 | add_vocabulary_programming: 0.172s
2025-11-08 10:16:47 | INFO     | aiapi.src.aiapi.services.vocabulary_service | add_vocabulary:139 | Added vocabulary word: machine learning (technology, advanced)
2025-11-08 10:16:47 | INFO     | aiapi.performance | __exit__:237 | add_vocabulary_machine learning: 0.170s
2025-11-08 10:16:47 | INFO     | aiapi.src.aiapi.services.vocabulary_service | add_vocabulary:139 | Added vocabulary word: automation (technology, advanced)
2025-11-08 10:16:47 | INFO     | aiapi.performance | __exit__:237 | add_vocabulary_automation: 0.166s
2025-11-08 10:33:05 | INFO     | aiapi.src.aiapi.services.vocabulary_service | get_vocabulary_collection:32 | Initializing vocabulary collection...
2025-11-08 10:33:05 | INFO     | aiapi.src.aiapi.services.vocabulary_service | get_vocabulary_collection:42 | Vocabulary collection initialized: vocabulary
2025-11-08 10:33:05 | INFO     | aiapi.src.aiapi.services.vocabulary_service | add_vocabulary:139 | Added vocabulary word: computer (technology, beginner)
2025-11-08 10:33:05 | INFO     | aiapi.performance | __exit__:237 | add_vocabulary_computer: 0.631s
2025-11-08 10:33:05 | INFO     | aiapi.src.aiapi.services.vocabulary_service | add_vocabulary:139 | Added vocabulary word: internet (technology, beginner)
2025-11-08 10:33:05 | INFO     | aiapi.performance | __exit__:237 | add_vocabulary_internet: 0.159s
2025-11-08 10:33:05 | INFO     | aiapi.src.aiapi.services.vocabulary_service | add_vocabulary:139 | Added vocabulary word: keyboard (technology, beginner)
2025-11-08 10:33:05 | INFO     | aiapi.performance | __exit__:237 | add_vocabulary_keyboard: 0.156s
2025-11-08 10:33:05 | INFO     | aiapi.src.aiapi.services.vocabulary_service | add_vocabulary:139 | Added vocabulary word: mouse (technology, beginner)
2025-11-08 10:33:05 | INFO     | aiapi.performance | __exit__:237 | add_vocabulary_mouse: 0.144s
2025-11-08 10:33:06 | INFO     | aiapi.src.aiapi.services.vocabulary_service | add_vocabulary:139 | Added vocabulary word: screen (technology, beginner)
2025-11-08 10:33:06 | INFO     | aiapi.performance | __exit__:237 | add_vocabulary_screen: 0.145s
2025-11-08 10:33:06 | INFO     | aiapi.src.aiapi.services.vocabulary_service | add_vocabulary:139 | Added vocabulary word: software (technology, beginner)
2025-11-08 10:33:06 | INFO     | aiapi.performance | __exit__:237 | add_vocabulary_software: 0.150s
2025-11-08 10:33:06 | INFO     | aiapi.src.aiapi.services.vocabulary_service | add_vocabulary:139 | Added vocabulary word: hardware (technology, beginner)
2025-11-08 10:33:06 | INFO     | aiapi.performance | __exit__:237 | add_vocabulary_hardware: 0.153s
2025-11-08 10:33:06 | INFO     | aiapi.src.aiapi.services.vocabulary_service | add_vocabulary:139 | Added vocabulary word: technology (technology, beginner)
2025-11-08 10:33:06 | INFO     | aiapi.performance | __exit__:237 | add_vocabulary_technology: 0.144s
2025-11-08 10:33:06 | INFO     | aiapi.src.aiapi.services.vocabulary_service | add_vocabulary:139 | Added vocabulary word: robot (technology, beginner)
2025-11-08 10:33:06 | INFO     | aiapi.performance | __exit__:237 | add_vocabulary_robot: 0.151s
2025-11-08 10:33:06 | INFO     | aiapi.src.aiapi.services.vocabulary_service | add_vocabulary:139 | Added vocabulary word: application (technology, beginner)
2025-11-08 10:33:06 | INFO     | aiapi.performance | __exit__:237 | add_vocabulary_application: 0.143s
2025-11-08 10:33:06 | INFO     | aiapi.src.aiapi.services.vocabulary_service | add_vocabulary:139 | Added vocabulary word: data (technology, beginner)
2025-11-08 10:33:06 | INFO     | aiapi.performance | __exit__:237 | add_vocabulary_data: 0.145s
2025-11-08 10:33:07 | INFO     | aiapi.src.aiapi.services.vocabulary_service | add_vocabulary:139 | Added vocabulary word: cloud (technology, beginner)
2025-11-08 10:33:07 | INFO     | aiapi.performance | __exit__:237 | add_vocabulary_cloud: 0.156s
2025-11-08 10:33:07 | INFO     | aiapi.src.aiapi.services.vocabulary_service | add_vocabulary:139 | Added vocabulary word: download (technology, beginner)
2025-11-08 10:33:07 | INFO     | aiapi.performance | __exit__:237 | add_vocabulary_download: 0.162s
2025-11-08 10:33:07 | INFO     | aiapi.src.aiapi.services.vocabulary_service | add_vocabulary:139 | Added vocabulary word: upload (technology, beginner)
2025-11-08 10:33:07 | INFO     | aiapi.performance | __exit__:237 | add_vocabulary_upload: 0.148s
2025-11-08 10:33:07 | INFO     | aiapi.src.aiapi.services.vocabulary_service | add_vocabulary:139 | Added vocabulary word: email (technology, beginner)
2025-11-08 10:33:07 | INFO     | aiapi.performance | __exit__:237 | add_vocabulary_email: 0.154s
2025-11-08 10:33:07 | INFO     | aiapi.src.aiapi.services.vocabulary_service | add_vocabulary:139 | Added vocabulary word: password (technology, beginner)
2025-11-08 10:33:07 | INFO     | aiapi.performance | __exit__:237 | add_vocabulary_password: 0.152s
2025-11-08 10:33:07 | INFO     | aiapi.src.aiapi.services.vocabulary_service | add_vocabulary:139 | Added vocabulary word: website (technology, beginner)
2025-11-08 10:33:07 | INFO     | aiapi.performance | __exit__:237 | add_vocabulary_website: 0.141s
2025-11-08 10:33:08 | INFO     | aiapi.src.aiapi.services.vocabulary_service | add_vocabulary:139 | Added vocabulary word: program (technology, beginner)
2025-11-08 10:33:08 | INFO     | aiapi.performance | __exit__:237 | add_vocabulary_program: 0.152s
2025-11-08 10:33:08 | INFO     | aiapi.src.aiapi.services.vocabulary_service | add_vocabulary:139 | Added vocabulary word: code (technology, beginner)
2025-11-08 10:33:08 | INFO     | aiapi.performance | __exit__:237 | add_vocabulary_code: 0.158s
2025-11-08 10:33:08 | INFO     | aiapi.src.aiapi.services.vocabulary_service | add_vocabulary:139 | Added vocabulary word: login (technology, beginner)
2025-11-08 10:33:08 | INFO     | aiapi.performance | __exit__:237 | add_vocabulary_login: 0.153s
2025-11-08 10:33:08 | INFO     | aiapi.src.aiapi.services.vocabulary_service | add_vocabulary:139 | Added vocabulary word: technology (technology, intermediate)
2025-11-08 10:33:08 | INFO     | aiapi.performance | __exit__:237 | add_vocabulary_technology: 0.153s
2025-11-08 10:33:08 | INFO     | aiapi.src.aiapi.services.vocabulary_service | add_vocabulary:139 | Added vocabulary word: innovation (technology, intermediate)
2025-11-08 10:33:08 | INFO     | aiapi.performance | __exit__:237 | add_vocabulary_innovation: 0.172s
2025-11-08 10:33:08 | INFO     | aiapi.src.aiapi.services.vocabulary_service | add_vocabulary:139 | Added vocabulary word: internet (technology, intermediate)
2025-11-08 10:33:08 | INFO     | aiapi.performance | __exit__:237 | add_vocabulary_internet: 0.155s
2025-11-08 10:33:08 | INFO     | aiapi.src.aiapi.services.vocabulary_service | add_vocabulary:139 | Added vocabulary word: software (technology, intermediate)
2025-11-08 10:33:08 | INFO     | aiapi.performance | __exit__:237 | add_vocabulary_software: 0.153s
2025-11-08 10:33:09 | INFO     | aiapi.src.aiapi.services.vocabulary_service | add_vocabulary:139 | Added vocabulary word: hardware (technology, intermediate)
2025-11-08 10:33:09 | INFO     | aiapi.performance | __exit__:237 | add_vocabulary_hardware: 0.158s
2025-11-08 10:33:09 | INFO     | aiapi.src.aiapi.services.vocabulary_service | add_vocabulary:139 | Added vocabulary word: application (technology, intermediate)
2025-11-08 10:33:09 | INFO     | aiapi.performance | __exit__:237 | add_vocabulary_application: 0.152s
2025-11-08 10:33:09 | INFO     | aiapi.src.aiapi.services.vocabulary_service | add_vocabulary:139 | Added vocabulary word: algorithm (technology, intermediate)
2025-11-08 10:33:09 | INFO     | aiapi.performance | __exit__:237 | add_vocabulary_algorithm: 0.165s
2025-11-08 10:33:09 | INFO     | aiapi.src.aiapi.services.vocabulary_service | add_vocabulary:139 | Added vocabulary word: digital (technology, intermediate)
2025-11-08 10:33:09 | INFO     | aiapi.performance | __exit__:237 | add_vocabulary_digital: 0.153s
2025-11-08 10:33:09 | INFO     | aiapi.src.aiapi.services.vocabulary_service | add_vocabulary:139 | Added vocabulary word: cybersecurity (technology, intermediate)
2025-11-08 10:33:09 | INFO     | aiapi.performance | __exit__:237 | add_vocabulary_cybersecurity: 0.145s
2025-11-08 10:33:09 | INFO     | aiapi.src.aiapi.services.vocabulary_service | add_vocabulary:139 | Added vocabulary word: database (technology, intermediate)
2025-11-08 10:33:09 | INFO     | aiapi.performance | __exit__:237 | add_vocabulary_database: 0.146s
2025-11-08 10:33:10 | INFO     | aiapi.src.aiapi.services.vocabulary_service | add_vocabulary:139 | Added vocabulary word: cloud computing (technology, intermediate)
2025-11-08 10:33:10 | INFO     | aiapi.performance | __exit__:237 | add_vocabulary_cloud computing: 0.152s
2025-11-08 10:33:10 | INFO     | aiapi.src.aiapi.services.vocabulary_service | add_vocabulary:139 | Added vocabulary word: robotics (technology, intermediate)
2025-11-08 10:33:10 | INFO     | aiapi.performance | __exit__:237 | add_vocabulary_robotics: 0.149s
2025-11-08 10:33:10 | INFO     | aiapi.src.aiapi.services.vocabulary_service | add_vocabulary:139 | Added vocabulary word: virtual reality (technology, intermediate)
2025-11-08 10:33:10 | INFO     | aiapi.performance | __exit__:237 | add_vocabulary_virtual reality: 0.158s
2025-11-08 10:33:10 | INFO     | aiapi.src.aiapi.services.vocabulary_service | add_vocabulary:139 | Added vocabulary word: automation (technology, intermediate)
2025-11-08 10:33:10 | INFO     | aiapi.performance | __exit__:237 | add_vocabulary_automation: 0.152s
2025-11-08 10:33:10 | INFO     | aiapi.src.aiapi.services.vocabulary_service | add_vocabulary:139 | Added vocabulary word: network (technology, intermediate)
2025-11-08 10:33:10 | INFO     | aiapi.performance | __exit__:237 | add_vocabulary_network: 0.143s
2025-11-08 10:33:10 | INFO     | aiapi.src.aiapi.services.vocabulary_service | add_vocabulary:139 | Added vocabulary word: programming (technology, intermediate)
2025-11-08 10:33:10 | INFO     | aiapi.performance | __exit__:237 | add_vocabulary_programming: 0.179s
2025-11-08 10:33:10 | INFO     | aiapi.src.aiapi.services.vocabulary_service | add_vocabulary:139 | Added vocabulary word: artificial intelligence (technology, intermediate)
2025-11-08 10:33:10 | INFO     | aiapi.performance | __exit__:237 | add_vocabulary_artificial intelligence: 0.157s
2025-11-08 10:33:11 | INFO     | aiapi.src.aiapi.services.vocabulary_service | add_vocabulary:139 | Added vocabulary word: machine learning (technology, intermediate)
2025-11-08 10:33:11 | INFO     | aiapi.performance | __exit__:237 | add_vocabulary_machine learning: 0.153s
2025-11-08 10:33:11 | INFO     | aiapi.src.aiapi.services.vocabulary_service | add_vocabulary:139 | Added vocabulary word: smartphone (technology, intermediate)
2025-11-08 10:33:11 | INFO     | aiapi.performance | __exit__:237 | add_vocabulary_smartphone: 0.155s
2025-11-08 10:33:11 | INFO     | aiapi.src.aiapi.services.vocabulary_service | add_vocabulary:139 | Added vocabulary word: device (technology, intermediate)
2025-11-08 10:33:11 | INFO     | aiapi.performance | __exit__:237 | add_vocabulary_device: 0.146s
2025-11-08 10:33:11 | INFO     | aiapi.src.aiapi.services.vocabulary_service | add_vocabulary:139 | Added vocabulary word: automation (technology, advanced)
2025-11-08 10:33:11 | INFO     | aiapi.performance | __exit__:237 | add_vocabulary_automation: 0.144s
2025-11-08 10:33:11 | INFO     | aiapi.src.aiapi.services.vocabulary_service | add_vocabulary:139 | Added vocabulary word: algorithm (technology, advanced)
2025-11-08 10:33:11 | INFO     | aiapi.performance | __exit__:237 | add_vocabulary_algorithm: 0.152s
2025-11-08 10:33:11 | INFO     | aiapi.src.aiapi.services.vocabulary_service | add_vocabulary:139 | Added vocabulary word: cybersecurity (technology, advanced)
2025-11-08 10:33:11 | INFO     | aiapi.performance | __exit__:237 | add_vocabulary_cybersecurity: 0.144s
2025-11-08 10:33:12 | INFO     | aiapi.src.aiapi.services.vocabulary_service | add_vocabulary:139 | Added vocabulary word: artificial intelligence (technology, advanced)
2025-11-08 10:33:12 | INFO     | aiapi.performance | __exit__:237 | add_vocabulary_artificial intelligence: 0.148s
2025-11-08 10:33:12 | INFO     | aiapi.src.aiapi.services.vocabulary_service | add_vocabulary:139 | Added vocabulary word: innovation (technology, advanced)
2025-11-08 10:33:12 | INFO     | aiapi.performance | __exit__:237 | add_vocabulary_innovation: 0.146s
2025-11-08 10:33:12 | INFO     | aiapi.src.aiapi.services.vocabulary_service | add_vocabulary:139 | Added vocabulary word: cloud computing (technology, advanced)
2025-11-08 10:33:12 | INFO     | aiapi.performance | __exit__:237 | add_vocabulary_cloud computing: 0.184s
2025-11-08 10:33:12 | INFO     | aiapi.src.aiapi.services.vocabulary_service | add_vocabulary:139 | Added vocabulary word: data analytics (technology, advanced)
2025-11-08 10:33:12 | INFO     | aiapi.performance | __exit__:237 | add_vocabulary_data analytics: 0.150s
2025-11-08 10:33:12 | INFO     | aiapi.src.aiapi.services.vocabulary_service | add_vocabulary:139 | Added vocabulary word: blockchain (technology, advanced)
2025-11-08 10:33:12 | INFO     | aiapi.performance | __exit__:237 | add_vocabulary_blockchain: 0.158s
2025-11-08 10:33:12 | INFO     | aiapi.src.aiapi.services.vocabulary_service | add_vocabulary:139 | Added vocabulary word: virtual reality (technology, advanced)
2025-11-08 10:33:12 | INFO     | aiapi.performance | __exit__:237 | add_vocabulary_virtual reality: 0.159s
2025-11-08 10:33:12 | INFO     | aiapi.src.aiapi.services.vocabulary_service | add_vocabulary:139 | Added vocabulary word: machine learning (technology, advanced)
2025-11-08 10:33:12 | INFO     | aiapi.performance | __exit__:237 | add_vocabulary_machine learning: 0.151s
2025-11-08 10:33:13 | INFO     | aiapi.src.aiapi.services.vocabulary_service | add_vocabulary:139 | Added vocabulary word: robotics (technology, advanced)
2025-11-08 10:33:13 | INFO     | aiapi.performance | __exit__:237 | add_vocabulary_robotics: 0.152s
2025-11-08 10:33:13 | INFO     | aiapi.src.aiapi.services.vocabulary_service | add_vocabulary:139 | Added vocabulary word: nanotechnology (technology, advanced)
2025-11-08 10:33:13 | INFO     | aiapi.performance | __exit__:237 | add_vocabulary_nanotechnology: 0.153s
2025-11-08 10:33:13 | INFO     | aiapi.src.aiapi.services.vocabulary_service | add_vocabulary:139 | Added vocabulary word: biotechnology (technology, advanced)
2025-11-08 10:33:13 | INFO     | aiapi.performance | __exit__:237 | add_vocabulary_biotechnology: 0.599s
2025-11-08 10:33:14 | INFO     | aiapi.src.aiapi.services.vocabulary_service | add_vocabulary:139 | Added vocabulary word: quantum computing (technology, advanced)
2025-11-08 10:33:14 | INFO     | aiapi.performance | __exit__:237 | add_vocabulary_quantum computing: 0.153s
2025-11-08 10:33:14 | INFO     | aiapi.src.aiapi.services.vocabulary_service | add_vocabulary:139 | Added vocabulary word: user interface (technology, advanced)
2025-11-08 10:33:14 | INFO     | aiapi.performance | __exit__:237 | add_vocabulary_user interface: 0.174s
2025-11-08 10:33:14 | INFO     | aiapi.src.aiapi.services.vocabulary_service | add_vocabulary:139 | Added vocabulary word: big data (technology, advanced)
2025-11-08 10:33:14 | INFO     | aiapi.performance | __exit__:237 | add_vocabulary_big data: 0.149s
2025-11-08 10:33:14 | INFO     | aiapi.src.aiapi.services.vocabulary_service | add_vocabulary:139 | Added vocabulary word: virtualization (technology, advanced)
2025-11-08 10:33:14 | INFO     | aiapi.performance | __exit__:237 | add_vocabulary_virtualization: 0.154s
2025-11-08 10:33:14 | INFO     | aiapi.src.aiapi.services.vocabulary_service | add_vocabulary:139 | Added vocabulary word: wearable (technology, advanced)
2025-11-08 10:33:14 | INFO     | aiapi.performance | __exit__:237 | add_vocabulary_wearable: 0.156s
2025-11-08 10:33:14 | INFO     | aiapi.src.aiapi.services.vocabulary_service | add_vocabulary:139 | Added vocabulary word: IoT (technology, advanced)
2025-11-08 10:33:14 | INFO     | aiapi.performance | __exit__:237 | add_vocabulary_IoT: 0.151s
2025-11-08 10:33:14 | INFO     | aiapi.src.aiapi.services.vocabulary_service | add_vocabulary:139 | Added vocabulary word: network (technology, advanced)
2025-11-08 10:33:14 | INFO     | aiapi.performance | __exit__:237 | add_vocabulary_network: 0.161s
2025-11-08 10:33:15 | INFO     | aiapi.src.aiapi.services.vocabulary_service | add_vocabulary:139 | Added vocabulary word: profit (business, intermediate)
2025-11-08 10:33:15 | INFO     | aiapi.performance | __exit__:237 | add_vocabulary_profit: 0.146s
2025-11-08 10:33:15 | INFO     | aiapi.src.aiapi.services.vocabulary_service | add_vocabulary:139 | Added vocabulary word: investment (business, intermediate)
2025-11-08 10:33:15 | INFO     | aiapi.performance | __exit__:237 | add_vocabulary_investment: 0.146s
2025-11-08 10:33:15 | INFO     | aiapi.src.aiapi.services.vocabulary_service | add_vocabulary:139 | Added vocabulary word: market (business, intermediate)
2025-11-08 10:33:15 | INFO     | aiapi.performance | __exit__:237 | add_vocabulary_market: 0.160s
2025-11-08 10:33:15 | INFO     | aiapi.src.aiapi.services.vocabulary_service | add_vocabulary:139 | Added vocabulary word: strategy (business, intermediate)
2025-11-08 10:33:15 | INFO     | aiapi.performance | __exit__:237 | add_vocabulary_strategy: 0.152s
2025-11-08 10:33:15 | INFO     | aiapi.src.aiapi.services.vocabulary_service | add_vocabulary:139 | Added vocabulary word: budget (business, intermediate)
2025-11-08 10:33:15 | INFO     | aiapi.performance | __exit__:237 | add_vocabulary_budget: 0.152s
2025-11-08 10:33:15 | INFO     | aiapi.src.aiapi.services.vocabulary_service | add_vocabulary:139 | Added vocabulary word: revenue (business, intermediate)
2025-11-08 10:33:15 | INFO     | aiapi.performance | __exit__:237 | add_vocabulary_revenue: 0.164s
2025-11-08 10:33:16 | INFO     | aiapi.src.aiapi.services.vocabulary_service | add_vocabulary:139 | Added vocabulary word: expense (business, intermediate)
2025-11-08 10:33:16 | INFO     | aiapi.performance | __exit__:237 | add_vocabulary_expense: 0.161s
2025-11-08 10:33:16 | INFO     | aiapi.src.aiapi.services.vocabulary_service | add_vocabulary:139 | Added vocabulary word: contract (business, intermediate)
2025-11-08 10:33:16 | INFO     | aiapi.performance | __exit__:237 | add_vocabulary_contract: 0.151s
2025-11-08 10:33:16 | INFO     | aiapi.src.aiapi.services.vocabulary_service | add_vocabulary:139 | Added vocabulary word: negotiation (business, intermediate)
2025-11-08 10:33:16 | INFO     | aiapi.performance | __exit__:237 | add_vocabulary_negotiation: 0.154s
2025-11-08 10:33:16 | INFO     | aiapi.src.aiapi.services.vocabulary_service | add_vocabulary:139 | Added vocabulary word: entrepreneur (business, intermediate)
2025-11-08 10:33:16 | INFO     | aiapi.performance | __exit__:237 | add_vocabulary_entrepreneur: 0.181s
2025-11-08 10:33:16 | INFO     | aiapi.src.aiapi.services.vocabulary_service | add_vocabulary:139 | Added vocabulary word: customer (business, intermediate)
2025-11-08 10:33:16 | INFO     | aiapi.performance | __exit__:237 | add_vocabulary_customer: 0.154s
2025-11-08 10:33:16 | INFO     | aiapi.src.aiapi.services.vocabulary_service | add_vocabulary:139 | Added vocabulary word: supplier (business, intermediate)
2025-11-08 10:33:16 | INFO     | aiapi.performance | __exit__:237 | add_vocabulary_supplier: 0.147s
2025-11-08 10:33:16 | INFO     | aiapi.src.aiapi.services.vocabulary_service | add_vocabulary:139 | Added vocabulary word: advertising (business, intermediate)
2025-11-08 10:33:16 | INFO     | aiapi.performance | __exit__:237 | add_vocabulary_advertising: 0.152s
2025-11-08 10:33:17 | INFO     | aiapi.src.aiapi.services.vocabulary_service | add_vocabulary:139 | Added vocabulary word: branding (business, intermediate)
2025-11-08 10:33:17 | INFO     | aiapi.performance | __exit__:237 | add_vocabulary_branding: 0.156s
2025-11-08 10:33:17 | INFO     | aiapi.src.aiapi.services.vocabulary_service | add_vocabulary:139 | Added vocabulary word: networking (business, intermediate)
2025-11-08 10:33:17 | INFO     | aiapi.performance | __exit__:237 | add_vocabulary_networking: 0.159s
2025-11-08 10:33:17 | INFO     | aiapi.src.aiapi.services.vocabulary_service | add_vocabulary:139 | Added vocabulary word: productivity (business, intermediate)
2025-11-08 10:33:17 | INFO     | aiapi.performance | __exit__:237 | add_vocabulary_productivity: 0.153s
2025-11-08 10:33:17 | INFO     | aiapi.src.aiapi.services.vocabulary_service | add_vocabulary:139 | Added vocabulary word: innovation (business, intermediate)
2025-11-08 10:33:17 | INFO     | aiapi.performance | __exit__:237 | add_vocabulary_innovation: 0.152s
2025-11-08 10:33:17 | INFO     | aiapi.src.aiapi.services.vocabulary_service | add_vocabulary:139 | Added vocabulary word: partnership (business, intermediate)
2025-11-08 10:33:17 | INFO     | aiapi.performance | __exit__:237 | add_vocabulary_partnership: 0.172s
2025-11-08 10:33:17 | INFO     | aiapi.src.aiapi.services.vocabulary_service | add_vocabulary:139 | Added vocabulary word: competition (business, intermediate)
2025-11-08 10:33:17 | INFO     | aiapi.performance | __exit__:237 | add_vocabulary_competition: 0.141s
2025-11-08 10:33:18 | INFO     | aiapi.src.aiapi.services.vocabulary_service | add_vocabulary:139 | Added vocabulary word: forecast (business, intermediate)
2025-11-08 10:33:18 | INFO     | aiapi.performance | __exit__:237 | add_vocabulary_forecast: 0.150s
2025-11-08 10:33:18 | INFO     | aiapi.src.aiapi.services.vocabulary_service | add_vocabulary:139 | Added vocabulary word: home (daily life, beginner)
2025-11-08 10:33:18 | INFO     | aiapi.performance | __exit__:237 | add_vocabulary_home: 0.154s
2025-11-08 10:33:18 | INFO     | aiapi.src.aiapi.services.vocabulary_service | add_vocabulary:139 | Added vocabulary word: family (daily life, beginner)
2025-11-08 10:33:18 | INFO     | aiapi.performance | __exit__:237 | add_vocabulary_family: 0.180s
2025-11-08 10:33:18 | INFO     | aiapi.src.aiapi.services.vocabulary_service | add_vocabulary:139 | Added vocabulary word: friend (daily life, beginner)
2025-11-08 10:33:18 | INFO     | aiapi.performance | __exit__:237 | add_vocabulary_friend: 0.160s
2025-11-08 10:33:18 | INFO     | aiapi.src.aiapi.services.vocabulary_service | add_vocabulary:139 | Added vocabulary word: eat (daily life, beginner)
2025-11-08 10:33:18 | INFO     | aiapi.performance | __exit__:237 | add_vocabulary_eat: 0.176s
2025-11-08 10:33:18 | INFO     | aiapi.src.aiapi.services.vocabulary_service | add_vocabulary:139 | Added vocabulary word: sleep (daily life, beginner)
2025-11-08 10:33:18 | INFO     | aiapi.performance | __exit__:237 | add_vocabulary_sleep: 0.183s
2025-11-08 10:33:19 | INFO     | aiapi.src.aiapi.services.vocabulary_service | add_vocabulary:139 | Added vocabulary word: work (daily life, beginner)
2025-11-08 10:33:19 | INFO     | aiapi.performance | __exit__:237 | add_vocabulary_work: 0.150s
2025-11-08 10:33:19 | INFO     | aiapi.src.aiapi.services.vocabulary_service | add_vocabulary:139 | Added vocabulary word: school (daily life, beginner)
2025-11-08 10:33:19 | INFO     | aiapi.performance | __exit__:237 | add_vocabulary_school: 0.147s
2025-11-08 10:33:19 | INFO     | aiapi.src.aiapi.services.vocabulary_service | add_vocabulary:139 | Added vocabulary word: walk (daily life, beginner)
2025-11-08 10:33:19 | INFO     | aiapi.performance | __exit__:237 | add_vocabulary_walk: 0.155s
2025-11-08 10:33:19 | INFO     | aiapi.src.aiapi.services.vocabulary_service | add_vocabulary:139 | Added vocabulary word: drink (daily life, beginner)
2025-11-08 10:33:19 | INFO     | aiapi.performance | __exit__:237 | add_vocabulary_drink: 0.157s
2025-11-08 10:33:19 | INFO     | aiapi.src.aiapi.services.vocabulary_service | add_vocabulary:139 | Added vocabulary word: food (daily life, beginner)
2025-11-08 10:33:19 | INFO     | aiapi.performance | __exit__:237 | add_vocabulary_food: 0.159s
2025-11-08 10:33:19 | INFO     | aiapi.src.aiapi.services.vocabulary_service | add_vocabulary:139 | Added vocabulary word: water (daily life, beginner)
2025-11-08 10:33:19 | INFO     | aiapi.performance | __exit__:237 | add_vocabulary_water: 0.155s
2025-11-08 10:33:19 | INFO     | aiapi.src.aiapi.services.vocabulary_service | add_vocabulary:139 | Added vocabulary word: clothes (daily life, beginner)
2025-11-08 10:33:19 | INFO     | aiapi.performance | __exit__:237 | add_vocabulary_clothes: 0.152s
2025-11-08 10:33:20 | INFO     | aiapi.src.aiapi.services.vocabulary_service | add_vocabulary:139 | Added vocabulary word: shoes (daily life, beginner)
2025-11-08 10:33:20 | INFO     | aiapi.performance | __exit__:237 | add_vocabulary_shoes: 0.270s
2025-11-08 10:33:20 | INFO     | aiapi.src.aiapi.services.vocabulary_service | add_vocabulary:139 | Added vocabulary word: money (daily life, beginner)
2025-11-08 10:33:20 | INFO     | aiapi.performance | __exit__:237 | add_vocabulary_money: 0.154s
2025-11-08 10:33:20 | INFO     | aiapi.src.aiapi.services.vocabulary_service | add_vocabulary:139 | Added vocabulary word: buy (daily life, beginner)
2025-11-08 10:33:20 | INFO     | aiapi.performance | __exit__:237 | add_vocabulary_buy: 0.195s
2025-11-08 10:33:20 | INFO     | aiapi.src.aiapi.services.vocabulary_service | add_vocabulary:139 | Added vocabulary word: read (daily life, beginner)
2025-11-08 10:33:20 | INFO     | aiapi.performance | __exit__:237 | add_vocabulary_read: 0.148s
2025-11-08 10:33:20 | INFO     | aiapi.src.aiapi.services.vocabulary_service | add_vocabulary:139 | Added vocabulary word: write (daily life, beginner)
2025-11-08 10:33:20 | INFO     | aiapi.performance | __exit__:237 | add_vocabulary_write: 0.184s
2025-11-08 10:33:21 | INFO     | aiapi.src.aiapi.services.vocabulary_service | add_vocabulary:139 | Added vocabulary word: listen (daily life, beginner)
2025-11-08 10:33:21 | INFO     | aiapi.performance | __exit__:237 | add_vocabulary_listen: 0.144s
2025-11-08 10:33:21 | INFO     | aiapi.src.aiapi.services.vocabulary_service | add_vocabulary:139 | Added vocabulary word: talk (daily life, beginner)
2025-11-08 10:33:21 | INFO     | aiapi.performance | __exit__:237 | add_vocabulary_talk: 0.165s
2025-11-08 10:33:21 | INFO     | aiapi.src.aiapi.services.vocabulary_service | add_vocabulary:139 | Added vocabulary word: clean (daily life, beginner)
2025-11-08 10:33:21 | INFO     | aiapi.performance | __exit__:237 | add_vocabulary_clean: 0.153s
2025-11-08 10:33:21 | INFO     | aiapi.src.aiapi.services.vocabulary_service | add_vocabulary:139 | Added vocabulary word: cook (daily life, beginner)
2025-11-08 10:33:21 | INFO     | aiapi.performance | __exit__:237 | add_vocabulary_cook: 0.161s
2025-11-08 10:33:21 | INFO     | aiapi.src.aiapi.services.vocabulary_service | add_vocabulary:139 | Added vocabulary word: wash (daily life, beginner)
2025-11-08 10:33:21 | INFO     | aiapi.performance | __exit__:237 | add_vocabulary_wash: 0.157s
2025-11-08 10:33:21 | INFO     | aiapi.src.aiapi.services.vocabulary_service | add_vocabulary:139 | Added vocabulary word: market (daily life, beginner)
2025-11-08 10:33:21 | INFO     | aiapi.performance | __exit__:237 | add_vocabulary_market: 0.184s
2025-11-08 10:33:22 | INFO     | aiapi.src.aiapi.services.vocabulary_service | add_vocabulary:139 | Added vocabulary word: phone (daily life, beginner)
2025-11-08 10:33:22 | INFO     | aiapi.performance | __exit__:237 | add_vocabulary_phone: 0.151s
2025-11-08 10:33:22 | INFO     | aiapi.src.aiapi.services.vocabulary_service | add_vocabulary:139 | Added vocabulary word: bed (daily life, beginner)
2025-11-08 10:33:22 | INFO     | aiapi.performance | __exit__:237 | add_vocabulary_bed: 0.156s
2025-11-08 10:33:22 | INFO     | aiapi.src.aiapi.services.vocabulary_service | add_vocabulary:139 | Added vocabulary word: car (daily life, beginner)
2025-11-08 10:33:22 | INFO     | aiapi.performance | __exit__:237 | add_vocabulary_car: 0.157s
2025-11-08 10:33:22 | INFO     | aiapi.src.aiapi.services.vocabulary_service | add_vocabulary:139 | Added vocabulary word: bike (daily life, beginner)
2025-11-08 10:33:22 | INFO     | aiapi.performance | __exit__:237 | add_vocabulary_bike: 0.159s
2025-11-08 10:33:22 | INFO     | aiapi.src.aiapi.services.vocabulary_service | add_vocabulary:139 | Added vocabulary word: bus (daily life, beginner)
2025-11-08 10:33:22 | INFO     | aiapi.performance | __exit__:237 | add_vocabulary_bus: 0.158s
2025-11-08 10:33:22 | INFO     | aiapi.src.aiapi.services.vocabulary_service | add_vocabulary:139 | Added vocabulary word: love (daily life, beginner)
2025-11-08 10:33:22 | INFO     | aiapi.performance | __exit__:237 | add_vocabulary_love: 0.156s
2025-11-08 10:33:23 | INFO     | aiapi.src.aiapi.services.vocabulary_service | add_vocabulary:139 | Added vocabulary word: routine (daily life, advanced)
2025-11-08 10:33:23 | INFO     | aiapi.performance | __exit__:237 | add_vocabulary_routine: 0.534s
2025-11-08 10:33:23 | INFO     | aiapi.src.aiapi.services.vocabulary_service | add_vocabulary:139 | Added vocabulary word: commute (daily life, advanced)
2025-11-08 10:33:23 | INFO     | aiapi.performance | __exit__:237 | add_vocabulary_commute: 0.156s
2025-11-08 10:33:23 | INFO     | aiapi.src.aiapi.services.vocabulary_service | add_vocabulary:139 | Added vocabulary word: errand (daily life, advanced)
2025-11-08 10:33:23 | INFO     | aiapi.performance | __exit__:237 | add_vocabulary_errand: 0.165s
2025-11-08 10:33:23 | INFO     | aiapi.src.aiapi.services.vocabulary_service | add_vocabulary:139 | Added vocabulary word: chores (daily life, advanced)
2025-11-08 10:33:23 | INFO     | aiapi.performance | __exit__:237 | add_vocabulary_chores: 0.154s
2025-11-08 10:33:24 | INFO     | aiapi.src.aiapi.services.vocabulary_service | add_vocabulary:139 | Added vocabulary word: habit (daily life, advanced)
2025-11-08 10:33:24 | INFO     | aiapi.performance | __exit__:237 | add_vocabulary_habit: 0.161s
2025-11-08 10:33:24 | INFO     | aiapi.src.aiapi.services.vocabulary_service | add_vocabulary:139 | Added vocabulary word: multitasking (daily life, advanced)
2025-11-08 10:33:24 | INFO     | aiapi.performance | __exit__:237 | add_vocabulary_multitasking: 0.158s
2025-11-08 10:33:24 | INFO     | aiapi.src.aiapi.services.vocabulary_service | add_vocabulary:139 | Added vocabulary word: deadline (daily life, advanced)
2025-11-08 10:33:24 | INFO     | aiapi.performance | __exit__:237 | add_vocabulary_deadline: 0.164s
2025-11-08 10:33:24 | INFO     | aiapi.src.aiapi.services.vocabulary_service | add_vocabulary:139 | Added vocabulary word: appointment (daily life, advanced)
2025-11-08 10:33:24 | INFO     | aiapi.performance | __exit__:237 | add_vocabulary_appointment: 0.181s
2025-11-08 10:33:24 | INFO     | aiapi.src.aiapi.services.vocabulary_service | add_vocabulary:139 | Added vocabulary word: prioritize (daily life, advanced)
2025-11-08 10:33:24 | INFO     | aiapi.performance | __exit__:237 | add_vocabulary_prioritize: 0.162s
2025-11-08 10:33:24 | INFO     | aiapi.src.aiapi.services.vocabulary_service | add_vocabulary:139 | Added vocabulary word: procrastinate (daily life, advanced)
2025-11-08 10:33:24 | INFO     | aiapi.performance | __exit__:237 | add_vocabulary_procrastinate: 0.158s
2025-11-08 10:33:25 | INFO     | aiapi.src.aiapi.services.vocabulary_service | add_vocabulary:139 | Added vocabulary word: efficiency (daily life, advanced)
2025-11-08 10:33:25 | INFO     | aiapi.performance | __exit__:237 | add_vocabulary_efficiency: 0.240s
2025-11-08 10:33:25 | INFO     | aiapi.src.aiapi.services.vocabulary_service | add_vocabulary:139 | Added vocabulary word: meal (daily life, advanced)
2025-11-08 10:33:25 | INFO     | aiapi.performance | __exit__:237 | add_vocabulary_meal: 0.147s
2025-11-08 10:33:25 | INFO     | aiapi.src.aiapi.services.vocabulary_service | add_vocabulary:139 | Added vocabulary word: exercise (daily life, advanced)
2025-11-08 10:33:25 | INFO     | aiapi.performance | __exit__:237 | add_vocabulary_exercise: 0.159s
2025-11-08 10:33:25 | INFO     | aiapi.src.aiapi.services.vocabulary_service | add_vocabulary:139 | Added vocabulary word: schedule (daily life, advanced)
2025-11-08 10:33:25 | INFO     | aiapi.performance | __exit__:237 | add_vocabulary_schedule: 0.307s
2025-11-08 10:33:25 | INFO     | aiapi.src.aiapi.services.vocabulary_service | add_vocabulary:139 | Added vocabulary word: budget (daily life, advanced)
2025-11-08 10:33:25 | INFO     | aiapi.performance | __exit__:237 | add_vocabulary_budget: 0.180s
2025-11-08 10:33:26 | INFO     | aiapi.src.aiapi.services.vocabulary_service | add_vocabulary:139 | Added vocabulary word: laundry (daily life, advanced)
2025-11-08 10:33:26 | INFO     | aiapi.performance | __exit__:237 | add_vocabulary_laundry: 0.165s
2025-11-08 10:33:26 | INFO     | aiapi.src.aiapi.services.vocabulary_service | add_vocabulary:139 | Added vocabulary word: relaxation (daily life, advanced)
2025-11-08 10:33:26 | INFO     | aiapi.performance | __exit__:237 | add_vocabulary_relaxation: 0.161s
2025-11-08 10:33:26 | INFO     | aiapi.src.aiapi.services.vocabulary_service | add_vocabulary:139 | Added vocabulary word: mindfulness (daily life, advanced)
2025-11-08 10:33:26 | INFO     | aiapi.performance | __exit__:237 | add_vocabulary_mindfulness: 0.172s
2025-11-08 10:33:26 | INFO     | aiapi.src.aiapi.services.vocabulary_service | add_vocabulary:139 | Added vocabulary word: nutrition (daily life, advanced)
2025-11-08 10:33:26 | INFO     | aiapi.performance | __exit__:237 | add_vocabulary_nutrition: 0.153s
2025-11-08 10:33:26 | INFO     | aiapi.src.aiapi.services.vocabulary_service | add_vocabulary:139 | Added vocabulary word: productivity (daily life, advanced)
2025-11-08 10:33:26 | INFO     | aiapi.performance | __exit__:237 | add_vocabulary_productivity: 0.157s
2025-11-08 10:33:26 | INFO     | aiapi.src.aiapi.services.vocabulary_service | add_vocabulary:139 | Added vocabulary word: travel (travel, beginner)
2025-11-08 10:33:26 | INFO     | aiapi.performance | __exit__:237 | add_vocabulary_travel: 0.152s
2025-11-08 10:33:26 | INFO     | aiapi.src.aiapi.services.vocabulary_service | add_vocabulary:139 | Added vocabulary word: trip (travel, beginner)
2025-11-08 10:33:26 | INFO     | aiapi.performance | __exit__:237 | add_vocabulary_trip: 0.152s
2025-11-08 10:33:27 | INFO     | aiapi.src.aiapi.services.vocabulary_service | add_vocabulary:139 | Added vocabulary word: passport (travel, beginner)
2025-11-08 10:33:27 | INFO     | aiapi.performance | __exit__:237 | add_vocabulary_passport: 0.152s
2025-11-08 10:33:27 | INFO     | aiapi.src.aiapi.services.vocabulary_service | add_vocabulary:139 | Added vocabulary word: ticket (travel, beginner)
2025-11-08 10:33:27 | INFO     | aiapi.performance | __exit__:237 | add_vocabulary_ticket: 0.158s
2025-11-08 10:33:27 | INFO     | aiapi.src.aiapi.services.vocabulary_service | add_vocabulary:139 | Added vocabulary word: luggage (travel, beginner)
2025-11-08 10:33:27 | INFO     | aiapi.performance | __exit__:237 | add_vocabulary_luggage: 0.173s
2025-11-08 10:33:27 | INFO     | aiapi.src.aiapi.services.vocabulary_service | add_vocabulary:139 | Added vocabulary word: flight (travel, beginner)
2025-11-08 10:33:27 | INFO     | aiapi.performance | __exit__:237 | add_vocabulary_flight: 0.155s
2025-11-08 10:33:27 | INFO     | aiapi.src.aiapi.services.vocabulary_service | add_vocabulary:139 | Added vocabulary word: airport (travel, beginner)
2025-11-08 10:33:27 | INFO     | aiapi.performance | __exit__:237 | add_vocabulary_airport: 0.163s
2025-11-08 10:33:27 | INFO     | aiapi.src.aiapi.services.vocabulary_service | add_vocabulary:139 | Added vocabulary word: hotel (travel, beginner)
2025-11-08 10:33:27 | INFO     | aiapi.performance | __exit__:237 | add_vocabulary_hotel: 0.146s
2025-11-08 10:33:28 | INFO     | aiapi.src.aiapi.services.vocabulary_service | add_vocabulary:139 | Added vocabulary word: map (travel, beginner)
2025-11-08 10:33:28 | INFO     | aiapi.performance | __exit__:237 | add_vocabulary_map: 0.153s
2025-11-08 10:33:28 | INFO     | aiapi.src.aiapi.services.vocabulary_service | add_vocabulary:139 | Added vocabulary word: guide (travel, beginner)
2025-11-08 10:33:28 | INFO     | aiapi.performance | __exit__:237 | add_vocabulary_guide: 0.158s
2025-11-08 10:33:28 | INFO     | aiapi.src.aiapi.services.vocabulary_service | add_vocabulary:139 | Added vocabulary word: tour (travel, beginner)
2025-11-08 10:33:28 | INFO     | aiapi.performance | __exit__:237 | add_vocabulary_tour: 0.185s
2025-11-08 10:33:28 | INFO     | aiapi.src.aiapi.services.vocabulary_service | add_vocabulary:139 | Added vocabulary word: beach (travel, beginner)
2025-11-08 10:33:28 | INFO     | aiapi.performance | __exit__:237 | add_vocabulary_beach: 0.162s
2025-11-08 10:33:28 | INFO     | aiapi.src.aiapi.services.vocabulary_service | add_vocabulary:139 | Added vocabulary word: souvenir (travel, beginner)
2025-11-08 10:33:28 | INFO     | aiapi.performance | __exit__:237 | add_vocabulary_souvenir: 0.173s
2025-11-08 10:33:28 | INFO     | aiapi.src.aiapi.services.vocabulary_service | add_vocabulary:139 | Added vocabulary word: destination (travel, beginner)
2025-11-08 10:33:28 | INFO     | aiapi.performance | __exit__:237 | add_vocabulary_destination: 0.170s
2025-11-08 10:33:29 | INFO     | aiapi.src.aiapi.services.vocabulary_service | add_vocabulary:139 | Added vocabulary word: adventure (travel, beginner)
2025-11-08 10:33:29 | INFO     | aiapi.performance | __exit__:237 | add_vocabulary_adventure: 0.160s
2025-11-08 10:33:29 | INFO     | aiapi.src.aiapi.services.vocabulary_service | add_vocabulary:139 | Added vocabulary word: backpack (travel, beginner)
2025-11-08 10:33:29 | INFO     | aiapi.performance | __exit__:237 | add_vocabulary_backpack: 0.184s
2025-11-08 10:33:29 | INFO     | aiapi.src.aiapi.services.vocabulary_service | add_vocabulary:139 | Added vocabulary word: holiday (travel, beginner)
2025-11-08 10:33:29 | INFO     | aiapi.performance | __exit__:237 | add_vocabulary_holiday: 0.158s
2025-11-08 10:33:29 | INFO     | aiapi.src.aiapi.services.vocabulary_service | add_vocabulary:139 | Added vocabulary word: adventure (travel, beginner)
2025-11-08 10:33:29 | INFO     | aiapi.performance | __exit__:237 | add_vocabulary_adventure: 0.180s
2025-11-08 10:33:29 | INFO     | aiapi.src.aiapi.services.vocabulary_service | add_vocabulary:139 | Added vocabulary word: journey (travel, beginner)
2025-11-08 10:33:29 | INFO     | aiapi.performance | __exit__:237 | add_vocabulary_journey: 0.143s
2025-11-08 10:33:29 | INFO     | aiapi.src.aiapi.services.vocabulary_service | add_vocabulary:139 | Added vocabulary word: explore (travel, beginner)
2025-11-08 10:33:29 | INFO     | aiapi.performance | __exit__:237 | add_vocabulary_explore: 0.176s
2025-11-08 10:33:30 | INFO     | aiapi.src.aiapi.services.vocabulary_service | add_vocabulary:139 | Added vocabulary word: local (travel, beginner)
2025-11-08 10:33:30 | INFO     | aiapi.performance | __exit__:237 | add_vocabulary_local: 0.160s
2025-11-08 10:33:30 | INFO     | aiapi.src.aiapi.services.vocabulary_service | add_vocabulary:139 | Added vocabulary word: souvenir (travel, beginner)
2025-11-08 10:33:30 | INFO     | aiapi.performance | __exit__:237 | add_vocabulary_souvenir: 0.163s
2025-11-08 10:33:30 | INFO     | aiapi.src.aiapi.services.vocabulary_service | add_vocabulary:139 | Added vocabulary word: visa (travel, beginner)
2025-11-08 10:33:30 | INFO     | aiapi.performance | __exit__:237 | add_vocabulary_visa: 0.172s
2025-11-08 10:33:30 | INFO     | aiapi.src.aiapi.services.vocabulary_service | add_vocabulary:139 | Added vocabulary word: currency (travel, beginner)
2025-11-08 10:33:30 | INFO     | aiapi.performance | __exit__:237 | add_vocabulary_currency: 0.201s
2025-11-08 10:33:30 | INFO     | aiapi.src.aiapi.services.vocabulary_service | add_vocabulary:139 | Added vocabulary word: restaurant (travel, beginner)
2025-11-08 10:33:30 | INFO     | aiapi.performance | __exit__:237 | add_vocabulary_restaurant: 0.161s
2025-11-08 10:33:30 | INFO     | aiapi.src.aiapi.services.vocabulary_service | add_vocabulary:139 | Added vocabulary word: museum (travel, beginner)
2025-11-08 10:33:30 | INFO     | aiapi.performance | __exit__:237 | add_vocabulary_museum: 0.199s
2025-11-08 10:33:31 | INFO     | aiapi.src.aiapi.services.vocabulary_service | add_vocabulary:139 | Added vocabulary word: train (travel, beginner)
2025-11-08 10:33:31 | INFO     | aiapi.performance | __exit__:237 | add_vocabulary_train: 0.147s
2025-11-08 10:33:31 | INFO     | aiapi.src.aiapi.services.vocabulary_service | add_vocabulary:139 | Added vocabulary word: bus (travel, beginner)
2025-11-08 10:33:31 | INFO     | aiapi.performance | __exit__:237 | add_vocabulary_bus: 0.162s
2025-11-08 10:33:31 | INFO     | aiapi.src.aiapi.services.vocabulary_service | add_vocabulary:139 | Added vocabulary word: taxi (travel, beginner)
2025-11-08 10:33:31 | INFO     | aiapi.performance | __exit__:237 | add_vocabulary_taxi: 0.155s
2025-11-08 10:33:31 | INFO     | aiapi.src.aiapi.services.vocabulary_service | add_vocabulary:139 | Added vocabulary word: journey (travel, intermediate)
2025-11-08 10:33:31 | INFO     | aiapi.performance | __exit__:237 | add_vocabulary_journey: 0.174s
2025-11-08 10:33:31 | INFO     | aiapi.src.aiapi.services.vocabulary_service | add_vocabulary:139 | Added vocabulary word: destination (travel, intermediate)
2025-11-08 10:33:31 | INFO     | aiapi.performance | __exit__:237 | add_vocabulary_destination: 0.144s
2025-11-08 10:33:31 | INFO     | aiapi.src.aiapi.services.vocabulary_service | add_vocabulary:139 | Added vocabulary word: passport (travel, intermediate)
2025-11-08 10:33:31 | INFO     | aiapi.performance | __exit__:237 | add_vocabulary_passport: 0.151s
2025-11-08 10:33:32 | INFO     | aiapi.src.aiapi.services.vocabulary_service | add_vocabulary:139 | Added vocabulary word: luggage (travel, intermediate)
2025-11-08 10:33:32 | INFO     | aiapi.performance | __exit__:237 | add_vocabulary_luggage: 0.161s
2025-11-08 10:33:32 | INFO     | aiapi.src.aiapi.services.vocabulary_service | add_vocabulary:139 | Added vocabulary word: customs (travel, intermediate)
2025-11-08 10:33:32 | INFO     | aiapi.performance | __exit__:237 | add_vocabulary_customs: 0.160s
2025-11-08 10:33:32 | INFO     | aiapi.src.aiapi.services.vocabulary_service | add_vocabulary:139 | Added vocabulary word: adventure (travel, intermediate)
2025-11-08 10:33:32 | INFO     | aiapi.performance | __exit__:237 | add_vocabulary_adventure: 0.149s
2025-11-08 10:33:32 | INFO     | aiapi.src.aiapi.services.vocabulary_service | add_vocabulary:139 | Added vocabulary word: tourist (travel, intermediate)
2025-11-08 10:33:32 | INFO     | aiapi.performance | __exit__:237 | add_vocabulary_tourist: 0.159s
2025-11-08 10:33:32 | INFO     | aiapi.src.aiapi.services.vocabulary_service | add_vocabulary:139 | Added vocabulary word: guidebook (travel, intermediate)
2025-11-08 10:33:32 | INFO     | aiapi.performance | __exit__:237 | add_vocabulary_guidebook: 0.199s
2025-11-08 10:33:32 | INFO     | aiapi.src.aiapi.services.vocabulary_service | add_vocabulary:139 | Added vocabulary word: itinerary (travel, intermediate)
2025-11-08 10:33:32 | INFO     | aiapi.performance | __exit__:237 | add_vocabulary_itinerary: 0.163s
2025-11-08 10:33:33 | INFO     | aiapi.src.aiapi.services.vocabulary_service | add_vocabulary:139 | Added vocabulary word: backpack (travel, intermediate)
2025-11-08 10:33:33 | INFO     | aiapi.performance | __exit__:237 | add_vocabulary_backpack: 0.164s
2025-11-08 10:33:33 | INFO     | aiapi.src.aiapi.services.vocabulary_service | add_vocabulary:139 | Added vocabulary word: map (travel, intermediate)
2025-11-08 10:33:33 | INFO     | aiapi.performance | __exit__:237 | add_vocabulary_map: 0.166s
2025-11-08 10:33:33 | INFO     | aiapi.src.aiapi.services.vocabulary_service | add_vocabulary:139 | Added vocabulary word: souvenir (travel, intermediate)
2025-11-08 10:33:33 | INFO     | aiapi.performance | __exit__:237 | add_vocabulary_souvenir: 0.150s
2025-11-08 10:33:33 | INFO     | aiapi.src.aiapi.services.vocabulary_service | add_vocabulary:139 | Added vocabulary word: flight (travel, intermediate)
2025-11-08 10:33:33 | INFO     | aiapi.performance | __exit__:237 | add_vocabulary_flight: 0.207s
2025-11-08 10:33:33 | INFO     | aiapi.src.aiapi.services.vocabulary_service | add_vocabulary:139 | Added vocabulary word: hotel (travel, intermediate)
2025-11-08 10:33:33 | INFO     | aiapi.performance | __exit__:237 | add_vocabulary_hotel: 0.193s
2025-11-08 10:33:33 | INFO     | aiapi.src.aiapi.services.vocabulary_service | add_vocabulary:139 | Added vocabulary word: explore (travel, intermediate)
2025-11-08 10:33:33 | INFO     | aiapi.performance | __exit__:237 | add_vocabulary_explore: 0.175s
2025-11-08 10:33:34 | INFO     | aiapi.src.aiapi.services.vocabulary_service | add_vocabulary:139 | Added vocabulary word: adventurous (travel, intermediate)
2025-11-08 10:33:34 | INFO     | aiapi.performance | __exit__:237 | add_vocabulary_adventurous: 0.189s
2025-11-08 10:33:34 | INFO     | aiapi.src.aiapi.services.vocabulary_service | add_vocabulary:139 | Added vocabulary word: landmark (travel, intermediate)
2025-11-08 10:33:34 | INFO     | aiapi.performance | __exit__:237 | add_vocabulary_landmark: 0.178s
2025-11-08 10:33:34 | INFO     | aiapi.src.aiapi.services.vocabulary_service | add_vocabulary:139 | Added vocabulary word: tour (travel, intermediate)
2025-11-08 10:33:34 | INFO     | aiapi.performance | __exit__:237 | add_vocabulary_tour: 0.157s
2025-11-08 10:33:34 | INFO     | aiapi.src.aiapi.services.vocabulary_service | add_vocabulary:139 | Added vocabulary word: local (travel, intermediate)
2025-11-08 10:33:34 | INFO     | aiapi.performance | __exit__:237 | add_vocabulary_local: 0.149s
2025-11-08 10:33:34 | INFO     | aiapi.src.aiapi.services.vocabulary_service | add_vocabulary:139 | Added vocabulary word: resort (travel, intermediate)
2025-11-08 10:33:34 | INFO     | aiapi.performance | __exit__:237 | add_vocabulary_resort: 0.222s
2025-11-08 10:33:35 | INFO     | aiapi.src.aiapi.services.vocabulary_service | add_vocabulary:139 | Added vocabulary word: admission (travel, intermediate)
2025-11-08 10:33:35 | INFO     | aiapi.performance | __exit__:237 | add_vocabulary_admission: 0.209s
2025-11-08 10:33:35 | INFO     | aiapi.src.aiapi.services.vocabulary_service | add_vocabulary:139 | Added vocabulary word: attraction (travel, intermediate)
2025-11-08 10:33:35 | INFO     | aiapi.performance | __exit__:237 | add_vocabulary_attraction: 0.155s
2025-11-08 10:33:35 | INFO     | aiapi.src.aiapi.services.vocabulary_service | add_vocabulary:139 | Added vocabulary word: schedule (travel, intermediate)
2025-11-08 10:33:35 | INFO     | aiapi.performance | __exit__:237 | add_vocabulary_schedule: 0.149s
2025-11-08 10:33:35 | INFO     | aiapi.src.aiapi.services.vocabulary_service | add_vocabulary:139 | Added vocabulary word: budget (travel, intermediate)
2025-11-08 10:33:35 | INFO     | aiapi.performance | __exit__:237 | add_vocabulary_budget: 0.149s
2025-11-08 10:33:35 | INFO     | aiapi.src.aiapi.services.vocabulary_service | add_vocabulary:139 | Added vocabulary word: ticket (travel, intermediate)
2025-11-08 10:33:35 | INFO     | aiapi.performance | __exit__:237 | add_vocabulary_ticket: 0.192s
2025-11-08 10:33:35 | INFO     | aiapi.src.aiapi.services.vocabulary_service | add_vocabulary:139 | Added vocabulary word: cruise (travel, intermediate)
2025-11-08 10:33:35 | INFO     | aiapi.performance | __exit__:237 | add_vocabulary_cruise: 0.148s
2025-11-08 10:33:36 | INFO     | aiapi.src.aiapi.services.vocabulary_service | add_vocabulary:139 | Added vocabulary word: island (travel, intermediate)
2025-11-08 10:33:36 | INFO     | aiapi.performance | __exit__:237 | add_vocabulary_island: 0.162s
2025-11-08 10:33:36 | INFO     | aiapi.src.aiapi.services.vocabulary_service | add_vocabulary:139 | Added vocabulary word: visa (travel, intermediate)
2025-11-08 10:33:36 | INFO     | aiapi.performance | __exit__:237 | add_vocabulary_visa: 0.183s
2025-11-08 10:33:36 | INFO     | aiapi.src.aiapi.services.vocabulary_service | add_vocabulary:139 | Added vocabulary word: advice (travel, intermediate)
2025-11-08 10:33:36 | INFO     | aiapi.performance | __exit__:237 | add_vocabulary_advice: 0.153s
2025-11-08 10:33:36 | INFO     | aiapi.src.aiapi.services.vocabulary_service | add_vocabulary:139 | Added vocabulary word: train (travel, intermediate)
2025-11-08 10:33:36 | INFO     | aiapi.performance | __exit__:237 | add_vocabulary_train: 0.162s
2025-11-08 10:33:36 | INFO     | aiapi.src.aiapi.services.vocabulary_service | add_vocabulary:139 | Added vocabulary word: well-being (health, advanced)
2025-11-08 10:33:36 | INFO     | aiapi.performance | __exit__:237 | add_vocabulary_well-being: 0.214s
2025-11-08 10:33:36 | INFO     | aiapi.src.aiapi.services.vocabulary_service | add_vocabulary:139 | Added vocabulary word: nutrition (health, advanced)
2025-11-08 10:33:36 | INFO     | aiapi.performance | __exit__:237 | add_vocabulary_nutrition: 0.152s
2025-11-08 10:33:37 | INFO     | aiapi.src.aiapi.services.vocabulary_service | add_vocabulary:139 | Added vocabulary word: exercise (health, advanced)
2025-11-08 10:33:37 | INFO     | aiapi.performance | __exit__:237 | add_vocabulary_exercise: 0.153s
2025-11-08 10:33:37 | INFO     | aiapi.src.aiapi.services.vocabulary_service | add_vocabulary:139 | Added vocabulary word: hygiene (health, advanced)
2025-11-08 10:33:37 | INFO     | aiapi.performance | __exit__:237 | add_vocabulary_hygiene: 0.172s
2025-11-08 10:33:37 | INFO     | aiapi.src.aiapi.services.vocabulary_service | add_vocabulary:139 | Added vocabulary word: prevention (health, advanced)
2025-11-08 10:33:37 | INFO     | aiapi.performance | __exit__:237 | add_vocabulary_prevention: 0.145s
2025-11-08 10:33:37 | INFO     | aiapi.src.aiapi.services.vocabulary_service | add_vocabulary:139 | Added vocabulary word: rehabilitation (health, advanced)
2025-11-08 10:33:37 | INFO     | aiapi.performance | __exit__:237 | add_vocabulary_rehabilitation: 0.152s
2025-11-08 10:33:37 | INFO     | aiapi.src.aiapi.services.vocabulary_service | add_vocabulary:139 | Added vocabulary word: immunity (health, advanced)
2025-11-08 10:33:37 | INFO     | aiapi.performance | __exit__:237 | add_vocabulary_immunity: 0.163s
2025-11-08 10:33:37 | INFO     | aiapi.src.aiapi.services.vocabulary_service | add_vocabulary:139 | Added vocabulary word: therapy (health, advanced)
2025-11-08 10:33:37 | INFO     | aiapi.performance | __exit__:237 | add_vocabulary_therapy: 0.154s
2025-11-08 10:33:37 | INFO     | aiapi.src.aiapi.services.vocabulary_service | add_vocabulary:139 | Added vocabulary word: medication (health, advanced)
2025-11-08 10:33:37 | INFO     | aiapi.performance | __exit__:237 | add_vocabulary_medication: 0.150s
2025-11-08 10:33:38 | INFO     | aiapi.src.aiapi.services.vocabulary_service | add_vocabulary:139 | Added vocabulary word: diagnosis (health, advanced)
2025-11-08 10:33:38 | INFO     | aiapi.performance | __exit__:237 | add_vocabulary_diagnosis: 0.150s
2025-11-08 10:33:38 | INFO     | aiapi.src.aiapi.services.vocabulary_service | add_vocabulary:139 | Added vocabulary word: symptom (health, advanced)
2025-11-08 10:33:38 | INFO     | aiapi.performance | __exit__:237 | add_vocabulary_symptom: 0.167s
2025-11-08 10:33:38 | INFO     | aiapi.src.aiapi.services.vocabulary_service | add_vocabulary:139 | Added vocabulary word: chronic (health, advanced)
2025-11-08 10:33:38 | INFO     | aiapi.performance | __exit__:237 | add_vocabulary_chronic: 0.154s
2025-11-08 10:33:38 | INFO     | aiapi.src.aiapi.services.vocabulary_service | add_vocabulary:139 | Added vocabulary word: mental health (health, advanced)
2025-11-08 10:33:38 | INFO     | aiapi.performance | __exit__:237 | add_vocabulary_mental health: 0.161s
2025-11-08 10:33:38 | INFO     | aiapi.src.aiapi.services.vocabulary_service | add_vocabulary:139 | Added vocabulary word: fitness (health, advanced)
2025-11-08 10:33:38 | INFO     | aiapi.performance | __exit__:237 | add_vocabulary_fitness: 0.150s
2025-11-08 10:33:38 | INFO     | aiapi.src.aiapi.services.vocabulary_service | add_vocabulary:139 | Added vocabulary word: stress (health, advanced)
2025-11-08 10:33:38 | INFO     | aiapi.performance | __exit__:237 | add_vocabulary_stress: 0.153s
2025-11-08 10:33:39 | INFO     | aiapi.src.aiapi.services.vocabulary_service | add_vocabulary:139 | Added vocabulary word: lifestyle (health, advanced)
2025-11-08 10:33:39 | INFO     | aiapi.performance | __exit__:237 | add_vocabulary_lifestyle: 0.158s
2025-11-08 10:33:39 | INFO     | aiapi.src.aiapi.services.vocabulary_service | add_vocabulary:139 | Added vocabulary word: balanced diet (health, advanced)
2025-11-08 10:33:39 | INFO     | aiapi.performance | __exit__:237 | add_vocabulary_balanced diet: 0.153s
2025-11-08 10:33:39 | INFO     | aiapi.src.aiapi.services.vocabulary_service | add_vocabulary:139 | Added vocabulary word: hydration (health, advanced)
2025-11-08 10:33:39 | INFO     | aiapi.performance | __exit__:237 | add_vocabulary_hydration: 0.148s
2025-11-08 10:33:39 | INFO     | aiapi.src.aiapi.services.vocabulary_service | add_vocabulary:139 | Added vocabulary word: antioxidant (health, advanced)
2025-11-08 10:33:39 | INFO     | aiapi.performance | __exit__:237 | add_vocabulary_antioxidant: 0.153s
2025-11-08 10:33:39 | INFO     | aiapi.src.aiapi.services.vocabulary_service | add_vocabulary:139 | Added vocabulary word: infection (health, advanced)
2025-11-08 10:33:39 | INFO     | aiapi.performance | __exit__:237 | add_vocabulary_infection: 0.151s
2025-11-08 10:33:39 | INFO     | aiapi.src.aiapi.services.vocabulary_service | add_vocabulary:139 | Added vocabulary word: vaccination (health, advanced)
2025-11-08 10:33:39 | INFO     | aiapi.performance | __exit__:237 | add_vocabulary_vaccination: 0.155s
2025-11-08 10:33:39 | INFO     | aiapi.src.aiapi.services.vocabulary_service | add_vocabulary:139 | Added vocabulary word: detoxification (health, advanced)
2025-11-08 10:33:39 | INFO     | aiapi.performance | __exit__:237 | add_vocabulary_detoxification: 0.151s
2025-11-08 10:33:40 | INFO     | aiapi.src.aiapi.services.vocabulary_service | add_vocabulary:139 | Added vocabulary word: holistic (health, advanced)
2025-11-08 10:33:40 | INFO     | aiapi.performance | __exit__:237 | add_vocabulary_holistic: 0.154s
2025-11-08 10:33:40 | INFO     | aiapi.src.aiapi.services.vocabulary_service | add_vocabulary:139 | Added vocabulary word: cardiovascular (health, advanced)
2025-11-08 10:33:40 | INFO     | aiapi.performance | __exit__:237 | add_vocabulary_cardiovascular: 0.153s
2025-11-08 10:33:40 | INFO     | aiapi.src.aiapi.services.vocabulary_service | add_vocabulary:139 | Added vocabulary word: calorie (health, advanced)
2025-11-08 10:33:40 | INFO     | aiapi.performance | __exit__:237 | add_vocabulary_calorie: 0.163s
2025-11-08 10:33:40 | INFO     | aiapi.src.aiapi.services.vocabulary_service | add_vocabulary:139 | Added vocabulary word: metabolism (health, advanced)
2025-11-08 10:33:40 | INFO     | aiapi.performance | __exit__:237 | add_vocabulary_metabolism: 0.163s
2025-11-08 10:33:40 | INFO     | aiapi.src.aiapi.services.vocabulary_service | add_vocabulary:139 | Added vocabulary word: circulation (health, advanced)
2025-11-08 10:33:40 | INFO     | aiapi.performance | __exit__:237 | add_vocabulary_circulation: 0.158s
2025-11-08 10:33:40 | INFO     | aiapi.src.aiapi.services.vocabulary_service | add_vocabulary:139 | Added vocabulary word: endurance (health, advanced)
2025-11-08 10:33:40 | INFO     | aiapi.performance | __exit__:237 | add_vocabulary_endurance: 0.180s
2025-11-08 10:33:41 | INFO     | aiapi.src.aiapi.services.vocabulary_service | add_vocabulary:139 | Added vocabulary word: diagnostic (health, advanced)
2025-11-08 10:33:41 | INFO     | aiapi.performance | __exit__:237 | add_vocabulary_diagnostic: 0.149s
2025-11-08 10:33:41 | INFO     | aiapi.src.aiapi.services.vocabulary_service | add_vocabulary:139 | Added vocabulary word: hereditary (health, advanced)
2025-11-08 10:33:41 | INFO     | aiapi.performance | __exit__:237 | add_vocabulary_hereditary: 0.151s
2025-11-08 10:33:41 | INFO     | aiapi.src.aiapi.services.vocabulary_service | add_vocabulary:139 | Added vocabulary word: clinical trial (health, advanced)
2025-11-08 10:33:41 | INFO     | aiapi.performance | __exit__:237 | add_vocabulary_clinical trial: 0.154s
2025-11-08 10:37:23 | INFO     | aiapi.src.aiapi.services.vocabulary_service | get_vocabulary_collection:32 | Initializing vocabulary collection...
2025-11-08 10:37:23 | INFO     | aiapi.src.aiapi.services.vocabulary_service | get_vocabulary_collection:42 | Vocabulary collection initialized: vocabulary
2025-11-08 10:37:23 | INFO     | aiapi.src.aiapi.services.vocabulary_service | add_vocabulary:139 | Added vocabulary word: computer (technology, beginner)
2025-11-08 10:37:23 | INFO     | aiapi.performance | __exit__:237 | add_vocabulary_computer: 0.593s
2025-11-08 10:37:23 | INFO     | aiapi.src.aiapi.services.vocabulary_service | add_vocabulary:139 | Added vocabulary word: software (technology, beginner)
2025-11-08 10:37:23 | INFO     | aiapi.performance | __exit__:237 | add_vocabulary_software: 0.184s
2025-11-08 10:37:23 | INFO     | aiapi.src.aiapi.services.vocabulary_service | add_vocabulary:139 | Added vocabulary word: hardware (technology, beginner)
2025-11-08 10:37:23 | INFO     | aiapi.performance | __exit__:237 | add_vocabulary_hardware: 0.156s
2025-11-08 10:37:23 | INFO     | aiapi.src.aiapi.services.vocabulary_service | add_vocabulary:139 | Added vocabulary word: keyboard (technology, beginner)
2025-11-08 10:37:23 | INFO     | aiapi.performance | __exit__:237 | add_vocabulary_keyboard: 0.155s
2025-11-08 10:37:23 | INFO     | aiapi.src.aiapi.services.vocabulary_service | add_vocabulary:139 | Added vocabulary word: monitor (technology, beginner)
2025-11-08 10:37:23 | INFO     | aiapi.performance | __exit__:237 | add_vocabulary_monitor: 0.153s
2025-11-08 10:37:23 | INFO     | aiapi.src.aiapi.services.vocabulary_service | add_vocabulary:139 | Added vocabulary word: mouse (technology, beginner)
2025-11-08 10:37:23 | INFO     | aiapi.performance | __exit__:237 | add_vocabulary_mouse: 0.159s
2025-11-08 10:37:24 | INFO     | aiapi.src.aiapi.services.vocabulary_service | add_vocabulary:139 | Added vocabulary word: internet (technology, beginner)
2025-11-08 10:37:24 | INFO     | aiapi.performance | __exit__:237 | add_vocabulary_internet: 0.152s
2025-11-08 10:37:24 | INFO     | aiapi.src.aiapi.services.vocabulary_service | add_vocabulary:139 | Added vocabulary word: website (technology, beginner)
2025-11-08 10:37:24 | INFO     | aiapi.performance | __exit__:237 | add_vocabulary_website: 0.159s
2025-11-08 10:37:24 | INFO     | aiapi.src.aiapi.services.vocabulary_service | add_vocabulary:139 | Added vocabulary word: email (technology, beginner)
2025-11-08 10:37:24 | INFO     | aiapi.performance | __exit__:237 | add_vocabulary_email: 0.161s
2025-11-08 10:37:24 | INFO     | aiapi.src.aiapi.services.vocabulary_service | add_vocabulary:139 | Added vocabulary word: password (technology, beginner)
2025-11-08 10:37:24 | INFO     | aiapi.performance | __exit__:237 | add_vocabulary_password: 0.154s
2025-11-08 10:37:24 | INFO     | aiapi.src.aiapi.services.vocabulary_service | add_vocabulary:139 | Added vocabulary word: download (technology, beginner)
2025-11-08 10:37:24 | INFO     | aiapi.performance | __exit__:237 | add_vocabulary_download: 0.161s
2025-11-08 10:37:24 | INFO     | aiapi.src.aiapi.services.vocabulary_service | add_vocabulary:139 | Added vocabulary word: upload (technology, beginner)
2025-11-08 10:37:24 | INFO     | aiapi.performance | __exit__:237 | add_vocabulary_upload: 0.156s
2025-11-08 10:37:25 | INFO     | aiapi.src.aiapi.services.vocabulary_service | add_vocabulary:139 | Added vocabulary word: file (technology, beginner)
2025-11-08 10:37:25 | INFO     | aiapi.performance | __exit__:237 | add_vocabulary_file: 0.159s
2025-11-08 10:37:25 | INFO     | aiapi.src.aiapi.services.vocabulary_service | add_vocabulary:139 | Added vocabulary word: application (technology, beginner)
2025-11-08 10:37:25 | INFO     | aiapi.performance | __exit__:237 | add_vocabulary_application: 0.159s
2025-11-08 10:37:25 | INFO     | aiapi.src.aiapi.services.vocabulary_service | add_vocabulary:139 | Added vocabulary word: program (technology, beginner)
2025-11-08 10:37:25 | INFO     | aiapi.performance | __exit__:237 | add_vocabulary_program: 0.158s
2025-11-08 10:37:25 | INFO     | aiapi.src.aiapi.services.vocabulary_service | add_vocabulary:139 | Added vocabulary word: code (technology, beginner)
2025-11-08 10:37:25 | INFO     | aiapi.performance | __exit__:237 | add_vocabulary_code: 0.153s
2025-11-08 10:37:25 | INFO     | aiapi.src.aiapi.services.vocabulary_service | add_vocabulary:139 | Added vocabulary word: robot (technology, beginner)
2025-11-08 10:37:25 | INFO     | aiapi.performance | __exit__:237 | add_vocabulary_robot: 0.154s
2025-11-08 10:37:25 | INFO     | aiapi.src.aiapi.services.vocabulary_service | add_vocabulary:139 | Added vocabulary word: battery (technology, beginner)
2025-11-08 10:37:25 | INFO     | aiapi.performance | __exit__:237 | add_vocabulary_battery: 0.166s
2025-11-08 10:37:26 | INFO     | aiapi.src.aiapi.services.vocabulary_service | add_vocabulary:139 | Added vocabulary word: signal (technology, beginner)
2025-11-08 10:37:26 | INFO     | aiapi.performance | __exit__:237 | add_vocabulary_signal: 0.158s
2025-11-08 10:37:26 | INFO     | aiapi.src.aiapi.services.vocabulary_service | add_vocabulary:139 | Added vocabulary word: network (technology, beginner)
2025-11-08 10:37:26 | INFO     | aiapi.performance | __exit__:237 | add_vocabulary_network: 0.171s
2025-11-08 10:37:26 | INFO     | aiapi.src.aiapi.services.vocabulary_service | add_vocabulary:139 | Added vocabulary word: server (technology, beginner)
2025-11-08 10:37:26 | INFO     | aiapi.performance | __exit__:237 | add_vocabulary_server: 0.164s
2025-11-08 10:37:26 | INFO     | aiapi.src.aiapi.services.vocabulary_service | add_vocabulary:139 | Added vocabulary word: screen (technology, beginner)
2025-11-08 10:37:26 | INFO     | aiapi.performance | __exit__:237 | add_vocabulary_screen: 0.155s
2025-11-08 10:37:26 | INFO     | aiapi.src.aiapi.services.vocabulary_service | add_vocabulary:139 | Added vocabulary word: processor (technology, beginner)
2025-11-08 10:37:26 | INFO     | aiapi.performance | __exit__:237 | add_vocabulary_processor: 0.163s
2025-11-08 10:37:26 | INFO     | aiapi.src.aiapi.services.vocabulary_service | add_vocabulary:139 | Added vocabulary word: cloud (technology, beginner)
2025-11-08 10:37:26 | INFO     | aiapi.performance | __exit__:237 | add_vocabulary_cloud: 0.162s
2025-11-08 10:37:27 | INFO     | aiapi.src.aiapi.services.vocabulary_service | add_vocabulary:139 | Added vocabulary word: database (technology, beginner)
2025-11-08 10:37:27 | INFO     | aiapi.performance | __exit__:237 | add_vocabulary_database: 0.157s
2025-11-08 10:37:27 | INFO     | aiapi.src.aiapi.services.vocabulary_service | add_vocabulary:139 | Added vocabulary word: technology (technology, beginner)
2025-11-08 10:37:27 | INFO     | aiapi.performance | __exit__:237 | add_vocabulary_technology: 0.162s
2025-11-08 10:37:27 | INFO     | aiapi.src.aiapi.services.vocabulary_service | add_vocabulary:139 | Added vocabulary word: device (technology, beginner)
2025-11-08 10:37:27 | INFO     | aiapi.performance | __exit__:237 | add_vocabulary_device: 0.211s
2025-11-08 10:37:27 | INFO     | aiapi.src.aiapi.services.vocabulary_service | add_vocabulary:139 | Added vocabulary word: engineer (technology, beginner)
2025-11-08 10:37:27 | INFO     | aiapi.performance | __exit__:237 | add_vocabulary_engineer: 0.160s
2025-11-08 10:37:27 | INFO     | aiapi.src.aiapi.services.vocabulary_service | add_vocabulary:139 | Added vocabulary word: developer (technology, beginner)
2025-11-08 10:37:27 | INFO     | aiapi.performance | __exit__:237 | add_vocabulary_developer: 0.168s
2025-11-08 10:37:27 | INFO     | aiapi.src.aiapi.services.vocabulary_service | add_vocabulary:139 | Added vocabulary word: electricity (technology, beginner)
2025-11-08 10:37:27 | INFO     | aiapi.performance | __exit__:237 | add_vocabulary_electricity: 0.161s
2025-11-08 10:37:28 | INFO     | aiapi.src.aiapi.services.vocabulary_service | add_vocabulary:139 | Added vocabulary word: computer (technology, intermediate)
2025-11-08 10:37:28 | INFO     | aiapi.performance | __exit__:237 | add_vocabulary_computer: 0.258s
2025-11-08 10:37:28 | INFO     | aiapi.src.aiapi.services.vocabulary_service | add_vocabulary:139 | Added vocabulary word: software (technology, intermediate)
2025-11-08 10:37:28 | INFO     | aiapi.performance | __exit__:237 | add_vocabulary_software: 0.189s
2025-11-08 10:37:28 | INFO     | aiapi.src.aiapi.services.vocabulary_service | add_vocabulary:139 | Added vocabulary word: hardware (technology, intermediate)
2025-11-08 10:37:28 | INFO     | aiapi.performance | __exit__:237 | add_vocabulary_hardware: 0.162s
2025-11-08 10:37:28 | INFO     | aiapi.src.aiapi.services.vocabulary_service | add_vocabulary:139 | Added vocabulary word: internet (technology, intermediate)
2025-11-08 10:37:28 | INFO     | aiapi.performance | __exit__:237 | add_vocabulary_internet: 0.159s
2025-11-08 10:37:28 | INFO     | aiapi.src.aiapi.services.vocabulary_service | add_vocabulary:139 | Added vocabulary word: network (technology, intermediate)
2025-11-08 10:37:28 | INFO     | aiapi.performance | __exit__:237 | add_vocabulary_network: 0.155s
2025-11-08 10:37:28 | INFO     | aiapi.src.aiapi.services.vocabulary_service | add_vocabulary:139 | Added vocabulary word: website (technology, intermediate)
2025-11-08 10:37:28 | INFO     | aiapi.performance | __exit__:237 | add_vocabulary_website: 0.160s
2025-11-08 10:37:29 | INFO     | aiapi.src.aiapi.services.vocabulary_service | add_vocabulary:139 | Added vocabulary word: application (technology, intermediate)
2025-11-08 10:37:29 | INFO     | aiapi.performance | __exit__:237 | add_vocabulary_application: 0.168s
2025-11-08 10:37:29 | INFO     | aiapi.src.aiapi.services.vocabulary_service | add_vocabulary:139 | Added vocabulary word: algorithm (technology, intermediate)
2025-11-08 10:37:29 | INFO     | aiapi.performance | __exit__:237 | add_vocabulary_algorithm: 0.155s
2025-11-08 10:37:29 | INFO     | aiapi.src.aiapi.services.vocabulary_service | add_vocabulary:139 | Added vocabulary word: robot (technology, intermediate)
2025-11-08 10:37:29 | INFO     | aiapi.performance | __exit__:237 | add_vocabulary_robot: 0.162s
2025-11-08 10:37:29 | INFO     | aiapi.src.aiapi.services.vocabulary_service | add_vocabulary:139 | Added vocabulary word: database (technology, intermediate)
2025-11-08 10:37:29 | INFO     | aiapi.performance | __exit__:237 | add_vocabulary_database: 0.163s
2025-11-08 10:37:29 | INFO     | aiapi.src.aiapi.services.vocabulary_service | add_vocabulary:139 | Added vocabulary word: password (technology, intermediate)
2025-11-08 10:37:29 | INFO     | aiapi.performance | __exit__:237 | add_vocabulary_password: 0.155s
2025-11-08 10:37:29 | INFO     | aiapi.src.aiapi.services.vocabulary_service | add_vocabulary:139 | Added vocabulary word: update (technology, intermediate)
2025-11-08 10:37:29 | INFO     | aiapi.performance | __exit__:237 | add_vocabulary_update: 0.179s
2025-11-08 10:37:30 | INFO     | aiapi.src.aiapi.services.vocabulary_service | add_vocabulary:139 | Added vocabulary word: upload (technology, intermediate)
2025-11-08 10:37:30 | INFO     | aiapi.performance | __exit__:237 | add_vocabulary_upload: 0.171s
2025-11-08 10:37:30 | INFO     | aiapi.src.aiapi.services.vocabulary_service | add_vocabulary:139 | Added vocabulary word: download (technology, intermediate)
2025-11-08 10:37:30 | INFO     | aiapi.performance | __exit__:237 | add_vocabulary_download: 0.157s
2025-11-08 10:37:30 | INFO     | aiapi.src.aiapi.services.vocabulary_service | add_vocabulary:139 | Added vocabulary word: cloud (technology, intermediate)
2025-11-08 10:37:30 | INFO     | aiapi.performance | __exit__:237 | add_vocabulary_cloud: 0.153s
2025-11-08 10:37:30 | INFO     | aiapi.src.aiapi.services.vocabulary_service | add_vocabulary:139 | Added vocabulary word: data (technology, intermediate)
2025-11-08 10:37:30 | INFO     | aiapi.performance | __exit__:237 | add_vocabulary_data: 0.171s
2025-11-08 10:37:30 | INFO     | aiapi.src.aiapi.services.vocabulary_service | add_vocabulary:139 | Added vocabulary word: programming (technology, intermediate)
2025-11-08 10:37:30 | INFO     | aiapi.performance | __exit__:237 | add_vocabulary_programming: 0.164s
2025-11-08 10:37:30 | INFO     | aiapi.src.aiapi.services.vocabulary_service | add_vocabulary:139 | Added vocabulary word: code (technology, intermediate)
2025-11-08 10:37:30 | INFO     | aiapi.performance | __exit__:237 | add_vocabulary_code: 0.166s
2025-11-08 10:37:31 | INFO     | aiapi.src.aiapi.services.vocabulary_service | add_vocabulary:139 | Added vocabulary word: technology (technology, intermediate)
2025-11-08 10:37:31 | INFO     | aiapi.performance | __exit__:237 | add_vocabulary_technology: 0.191s
2025-11-08 10:37:31 | INFO     | aiapi.src.aiapi.services.vocabulary_service | add_vocabulary:139 | Added vocabulary word: device (technology, intermediate)
2025-11-08 10:37:31 | INFO     | aiapi.performance | __exit__:237 | add_vocabulary_device: 0.156s
2025-11-08 10:37:31 | INFO     | aiapi.src.aiapi.services.vocabulary_service | add_vocabulary:139 | Added vocabulary word: server (technology, intermediate)
2025-11-08 10:37:31 | INFO     | aiapi.performance | __exit__:237 | add_vocabulary_server: 0.162s
2025-11-08 10:37:31 | INFO     | aiapi.src.aiapi.services.vocabulary_service | add_vocabulary:139 | Added vocabulary word: keyboard (technology, intermediate)
2025-11-08 10:37:31 | INFO     | aiapi.performance | __exit__:237 | add_vocabulary_keyboard: 0.157s
2025-11-08 10:37:31 | INFO     | aiapi.src.aiapi.services.vocabulary_service | add_vocabulary:139 | Added vocabulary word: mouse (technology, intermediate)
2025-11-08 10:37:31 | INFO     | aiapi.performance | __exit__:237 | add_vocabulary_mouse: 0.153s
2025-11-08 10:37:31 | INFO     | aiapi.src.aiapi.services.vocabulary_service | add_vocabulary:139 | Added vocabulary word: screen (technology, intermediate)
2025-11-08 10:37:31 | INFO     | aiapi.performance | __exit__:237 | add_vocabulary_screen: 0.218s
2025-11-08 10:37:32 | INFO     | aiapi.src.aiapi.services.vocabulary_service | add_vocabulary:139 | Added vocabulary word: monitor (technology, intermediate)
2025-11-08 10:37:32 | INFO     | aiapi.performance | __exit__:237 | add_vocabulary_monitor: 0.163s
2025-11-08 10:37:32 | INFO     | aiapi.src.aiapi.services.vocabulary_service | add_vocabulary:139 | Added vocabulary word: school (education, beginner)
2025-11-08 10:37:32 | INFO     | aiapi.performance | __exit__:237 | add_vocabulary_school: 0.203s
2025-11-08 10:37:32 | INFO     | aiapi.src.aiapi.services.vocabulary_service | add_vocabulary:139 | Added vocabulary word: teacher (education, beginner)
2025-11-08 10:37:32 | INFO     | aiapi.performance | __exit__:237 | add_vocabulary_teacher: 0.170s
2025-11-08 10:37:32 | INFO     | aiapi.src.aiapi.services.vocabulary_service | add_vocabulary:139 | Added vocabulary word: student (education, beginner)
2025-11-08 10:37:32 | INFO     | aiapi.performance | __exit__:237 | add_vocabulary_student: 0.158s
2025-11-08 10:37:32 | INFO     | aiapi.src.aiapi.services.vocabulary_service | add_vocabulary:139 | Added vocabulary word: learn (education, beginner)
2025-11-08 10:37:32 | INFO     | aiapi.performance | __exit__:237 | add_vocabulary_learn: 0.161s
2025-11-08 10:37:33 | INFO     | aiapi.src.aiapi.services.vocabulary_service | add_vocabulary:139 | Added vocabulary word: class (education, beginner)
2025-11-08 10:37:33 | INFO     | aiapi.performance | __exit__:237 | add_vocabulary_class: 0.257s
2025-11-08 10:37:33 | INFO     | aiapi.src.aiapi.services.vocabulary_service | add_vocabulary:139 | Added vocabulary word: book (education, beginner)
2025-11-08 10:37:33 | INFO     | aiapi.performance | __exit__:237 | add_vocabulary_book: 0.164s
2025-11-08 10:37:33 | INFO     | aiapi.src.aiapi.services.vocabulary_service | add_vocabulary:139 | Added vocabulary word: pen (education, beginner)
2025-11-08 10:37:33 | INFO     | aiapi.performance | __exit__:237 | add_vocabulary_pen: 0.156s
2025-11-08 10:37:33 | INFO     | aiapi.src.aiapi.services.vocabulary_service | add_vocabulary:139 | Added vocabulary word: pencil (education, beginner)
2025-11-08 10:37:33 | INFO     | aiapi.performance | __exit__:237 | add_vocabulary_pencil: 0.160s
2025-11-08 10:37:33 | INFO     | aiapi.src.aiapi.services.vocabulary_service | add_vocabulary:139 | Added vocabulary word: desk (education, beginner)
2025-11-08 10:37:33 | INFO     | aiapi.performance | __exit__:237 | add_vocabulary_desk: 0.156s
2025-11-08 10:37:33 | INFO     | aiapi.src.aiapi.services.vocabulary_service | add_vocabulary:139 | Added vocabulary word: homework (education, beginner)
2025-11-08 10:37:33 | INFO     | aiapi.performance | __exit__:237 | add_vocabulary_homework: 0.148s
2025-11-08 10:37:34 | INFO     | aiapi.src.aiapi.services.vocabulary_service | add_vocabulary:139 | Added vocabulary word: exam (education, beginner)
2025-11-08 10:37:34 | INFO     | aiapi.performance | __exit__:237 | add_vocabulary_exam: 0.168s
2025-11-08 10:37:34 | INFO     | aiapi.src.aiapi.services.vocabulary_service | add_vocabulary:139 | Added vocabulary word: classroom (education, beginner)
2025-11-08 10:37:34 | INFO     | aiapi.performance | __exit__:237 | add_vocabulary_classroom: 0.160s
2025-11-08 10:37:34 | INFO     | aiapi.src.aiapi.services.vocabulary_service | add_vocabulary:139 | Added vocabulary word: study (education, beginner)
2025-11-08 10:37:34 | INFO     | aiapi.performance | __exit__:237 | add_vocabulary_study: 0.179s
2025-11-08 10:37:34 | INFO     | aiapi.src.aiapi.services.vocabulary_service | add_vocabulary:139 | Added vocabulary word: read (education, beginner)
2025-11-08 10:37:34 | INFO     | aiapi.performance | __exit__:237 | add_vocabulary_read: 0.162s
2025-11-08 10:37:34 | INFO     | aiapi.src.aiapi.services.vocabulary_service | add_vocabulary:139 | Added vocabulary word: write (education, beginner)
2025-11-08 10:37:34 | INFO     | aiapi.performance | __exit__:237 | add_vocabulary_write: 0.160s
2025-11-08 10:37:34 | INFO     | aiapi.src.aiapi.services.vocabulary_service | add_vocabulary:139 | Added vocabulary word: eraser (education, beginner)
2025-11-08 10:37:34 | INFO     | aiapi.performance | __exit__:237 | add_vocabulary_eraser: 0.163s
2025-11-08 10:37:34 | INFO     | aiapi.src.aiapi.services.vocabulary_service | add_vocabulary:139 | Added vocabulary word: notebook (education, beginner)
2025-11-08 10:37:34 | INFO     | aiapi.performance | __exit__:237 | add_vocabulary_notebook: 0.157s
2025-11-08 10:37:35 | INFO     | aiapi.src.aiapi.services.vocabulary_service | add_vocabulary:139 | Added vocabulary word: subject (education, beginner)
2025-11-08 10:37:35 | INFO     | aiapi.performance | __exit__:237 | add_vocabulary_subject: 0.165s
2025-11-08 10:37:35 | INFO     | aiapi.src.aiapi.services.vocabulary_service | add_vocabulary:139 | Added vocabulary word: lesson (education, beginner)
2025-11-08 10:37:35 | INFO     | aiapi.performance | __exit__:237 | add_vocabulary_lesson: 0.194s
2025-11-08 10:37:35 | INFO     | aiapi.src.aiapi.services.vocabulary_service | add_vocabulary:139 | Added vocabulary word: teacher's desk (education, beginner)
2025-11-08 10:37:35 | INFO     | aiapi.performance | __exit__:237 | add_vocabulary_teacher's desk: 0.162s
2025-11-08 10:37:35 | INFO     | aiapi.src.aiapi.services.vocabulary_service | add_vocabulary:139 | Added vocabulary word: homework assignment (education, beginner)
2025-11-08 10:37:35 | INFO     | aiapi.performance | __exit__:237 | add_vocabulary_homework assignment: 0.157s
2025-11-08 10:37:35 | INFO     | aiapi.src.aiapi.services.vocabulary_service | add_vocabulary:139 | Added vocabulary word: chalkboard (education, beginner)
2025-11-08 10:37:35 | INFO     | aiapi.performance | __exit__:237 | add_vocabulary_chalkboard: 0.156s
2025-11-08 10:37:35 | INFO     | aiapi.src.aiapi.services.vocabulary_service | add_vocabulary:139 | Added vocabulary word: blackboard (education, beginner)
2025-11-08 10:37:35 | INFO     | aiapi.performance | __exit__:237 | add_vocabulary_blackboard: 0.152s
2025-11-08 10:37:36 | INFO     | aiapi.src.aiapi.services.vocabulary_service | add_vocabulary:139 | Added vocabulary word: whiteboard (education, beginner)
2025-11-08 10:37:36 | INFO     | aiapi.performance | __exit__:237 | add_vocabulary_whiteboard: 0.162s
2025-11-08 10:37:36 | INFO     | aiapi.src.aiapi.services.vocabulary_service | add_vocabulary:139 | Added vocabulary word: marker (education, beginner)
2025-11-08 10:37:36 | INFO     | aiapi.performance | __exit__:237 | add_vocabulary_marker: 0.160s
2025-11-08 10:37:36 | INFO     | aiapi.src.aiapi.services.vocabulary_service | add_vocabulary:139 | Added vocabulary word: classmates (education, beginner)
2025-11-08 10:37:36 | INFO     | aiapi.performance | __exit__:237 | add_vocabulary_classmates: 0.255s
2025-11-08 10:37:36 | INFO     | aiapi.src.aiapi.services.vocabulary_service | add_vocabulary:139 | Added vocabulary word: recess (education, beginner)
2025-11-08 10:37:36 | INFO     | aiapi.performance | __exit__:237 | add_vocabulary_recess: 0.194s
2025-11-08 10:37:36 | INFO     | aiapi.src.aiapi.services.vocabulary_service | add_vocabulary:139 | Added vocabulary word: playground (education, beginner)
2025-11-08 10:37:36 | INFO     | aiapi.performance | __exit__:237 | add_vocabulary_playground: 0.168s
2025-11-08 10:37:37 | INFO     | aiapi.src.aiapi.services.vocabulary_service | add_vocabulary:139 | Added vocabulary word: morning (daily life, intermediate)
2025-11-08 10:37:37 | INFO     | aiapi.performance | __exit__:237 | add_vocabulary_morning: 0.155s
2025-11-08 10:37:37 | INFO     | aiapi.src.aiapi.services.vocabulary_service | add_vocabulary:139 | Added vocabulary word: breakfast (daily life, intermediate)
2025-11-08 10:37:37 | INFO     | aiapi.performance | __exit__:237 | add_vocabulary_breakfast: 0.161s
2025-11-08 10:37:37 | INFO     | aiapi.src.aiapi.services.vocabulary_service | add_vocabulary:139 | Added vocabulary word: work (daily life, intermediate)
2025-11-08 10:37:37 | INFO     | aiapi.performance | __exit__:237 | add_vocabulary_work: 0.150s
2025-11-08 10:37:37 | INFO     | aiapi.src.aiapi.services.vocabulary_service | add_vocabulary:139 | Added vocabulary word: dinner (daily life, intermediate)
2025-11-08 10:37:37 | INFO     | aiapi.performance | __exit__:237 | add_vocabulary_dinner: 0.161s
2025-11-08 10:37:37 | INFO     | aiapi.src.aiapi.services.vocabulary_service | add_vocabulary:139 | Added vocabulary word: exercise (daily life, intermediate)
2025-11-08 10:37:37 | INFO     | aiapi.performance | __exit__:237 | add_vocabulary_exercise: 0.172s
2025-11-08 10:37:37 | INFO     | aiapi.src.aiapi.services.vocabulary_service | add_vocabulary:139 | Added vocabulary word: homework (daily life, intermediate)
2025-11-08 10:37:37 | INFO     | aiapi.performance | __exit__:237 | add_vocabulary_homework: 0.158s
2025-11-08 10:37:38 | INFO     | aiapi.src.aiapi.services.vocabulary_service | add_vocabulary:139 | Added vocabulary word: clean (daily life, intermediate)
2025-11-08 10:37:38 | INFO     | aiapi.performance | __exit__:237 | add_vocabulary_clean: 0.176s
2025-11-08 10:37:38 | INFO     | aiapi.src.aiapi.services.vocabulary_service | add_vocabulary:139 | Added vocabulary word: laundry (daily life, intermediate)
2025-11-08 10:37:38 | INFO     | aiapi.performance | __exit__:237 | add_vocabulary_laundry: 0.172s
2025-11-08 10:37:38 | INFO     | aiapi.src.aiapi.services.vocabulary_service | add_vocabulary:139 | Added vocabulary word: routine (daily life, intermediate)
2025-11-08 10:37:38 | INFO     | aiapi.performance | __exit__:237 | add_vocabulary_routine: 0.166s
2025-11-08 10:37:38 | INFO     | aiapi.src.aiapi.services.vocabulary_service | add_vocabulary:139 | Added vocabulary word: shower (daily life, intermediate)
2025-11-08 10:37:38 | INFO     | aiapi.performance | __exit__:237 | add_vocabulary_shower: 0.154s
2025-11-08 10:37:38 | INFO     | aiapi.src.aiapi.services.vocabulary_service | add_vocabulary:139 | Added vocabulary word: lunch (daily life, intermediate)
2025-11-08 10:37:38 | INFO     | aiapi.performance | __exit__:237 | add_vocabulary_lunch: 0.204s
2025-11-08 10:37:38 | INFO     | aiapi.src.aiapi.services.vocabulary_service | add_vocabulary:139 | Added vocabulary word: study (daily life, intermediate)
2025-11-08 10:37:38 | INFO     | aiapi.performance | __exit__:237 | add_vocabulary_study: 0.160s
2025-11-08 10:37:39 | INFO     | aiapi.src.aiapi.services.vocabulary_service | add_vocabulary:139 | Added vocabulary word: read (daily life, intermediate)
2025-11-08 10:37:39 | INFO     | aiapi.performance | __exit__:237 | add_vocabulary_read: 0.183s
2025-11-08 10:37:39 | INFO     | aiapi.src.aiapi.services.vocabulary_service | add_vocabulary:139 | Added vocabulary word: sleep (daily life, intermediate)
2025-11-08 10:37:39 | INFO     | aiapi.performance | __exit__:237 | add_vocabulary_sleep: 0.162s
2025-11-08 10:37:39 | INFO     | aiapi.src.aiapi.services.vocabulary_service | add_vocabulary:139 | Added vocabulary word: wake up (daily life, intermediate)
2025-11-08 10:37:39 | INFO     | aiapi.performance | __exit__:237 | add_vocabulary_wake up: 0.157s
2025-11-08 10:37:39 | INFO     | aiapi.src.aiapi.services.vocabulary_service | add_vocabulary:139 | Added vocabulary word: cook (daily life, intermediate)
2025-11-08 10:37:39 | INFO     | aiapi.performance | __exit__:237 | add_vocabulary_cook: 0.160s
2025-11-08 10:37:39 | INFO     | aiapi.src.aiapi.services.vocabulary_service | add_vocabulary:139 | Added vocabulary word: shopping (daily life, intermediate)
2025-11-08 10:37:39 | INFO     | aiapi.performance | __exit__:237 | add_vocabulary_shopping: 0.210s
2025-11-08 10:37:39 | INFO     | aiapi.src.aiapi.services.vocabulary_service | add_vocabulary:139 | Added vocabulary word: relax (daily life, intermediate)
2025-11-08 10:37:39 | INFO     | aiapi.performance | __exit__:237 | add_vocabulary_relax: 0.177s
2025-11-08 10:37:40 | INFO     | aiapi.src.aiapi.services.vocabulary_service | add_vocabulary:139 | Added vocabulary word: friends (daily life, intermediate)
2025-11-08 10:37:40 | INFO     | aiapi.performance | __exit__:237 | add_vocabulary_friends: 0.155s
2025-11-08 10:37:40 | INFO     | aiapi.src.aiapi.services.vocabulary_service | add_vocabulary:139 | Added vocabulary word: family (daily life, intermediate)
2025-11-08 10:37:40 | INFO     | aiapi.performance | __exit__:237 | add_vocabulary_family: 0.172s
2025-11-08 10:37:40 | INFO     | aiapi.src.aiapi.services.vocabulary_service | add_vocabulary:139 | Added vocabulary word: routine (daily life, advanced)
2025-11-08 10:37:40 | INFO     | aiapi.performance | __exit__:237 | add_vocabulary_routine: 0.155s
2025-11-08 10:37:40 | INFO     | aiapi.src.aiapi.services.vocabulary_service | add_vocabulary:139 | Added vocabulary word: commute (daily life, advanced)
2025-11-08 10:37:40 | INFO     | aiapi.performance | __exit__:237 | add_vocabulary_commute: 0.158s
2025-11-08 10:37:40 | INFO     | aiapi.src.aiapi.services.vocabulary_service | add_vocabulary:139 | Added vocabulary word: errand (daily life, advanced)
2025-11-08 10:37:40 | INFO     | aiapi.performance | __exit__:237 | add_vocabulary_errand: 0.200s
2025-11-08 10:37:40 | INFO     | aiapi.src.aiapi.services.vocabulary_service | add_vocabulary:139 | Added vocabulary word: meal (daily life, advanced)
2025-11-08 10:37:40 | INFO     | aiapi.performance | __exit__:237 | add_vocabulary_meal: 0.157s
2025-11-08 10:37:41 | INFO     | aiapi.src.aiapi.services.vocabulary_service | add_vocabulary:139 | Added vocabulary word: chores (daily life, advanced)
2025-11-08 10:37:41 | INFO     | aiapi.performance | __exit__:237 | add_vocabulary_chores: 0.162s
2025-11-08 10:37:41 | INFO     | aiapi.src.aiapi.services.vocabulary_service | add_vocabulary:139 | Added vocabulary word: schedule (daily life, advanced)
2025-11-08 10:37:41 | INFO     | aiapi.performance | __exit__:237 | add_vocabulary_schedule: 0.173s
2025-11-08 10:37:41 | INFO     | aiapi.src.aiapi.services.vocabulary_service | add_vocabulary:139 | Added vocabulary word: habit (daily life, advanced)
2025-11-08 10:37:41 | INFO     | aiapi.performance | __exit__:237 | add_vocabulary_habit: 0.251s
2025-11-08 10:37:41 | INFO     | aiapi.src.aiapi.services.vocabulary_service | add_vocabulary:139 | Added vocabulary word: multitask (daily life, advanced)
2025-11-08 10:37:41 | INFO     | aiapi.performance | __exit__:237 | add_vocabulary_multitask: 0.155s
2025-11-08 10:37:41 | INFO     | aiapi.src.aiapi.services.vocabulary_service | add_vocabulary:139 | Added vocabulary word: deadline (daily life, advanced)
2025-11-08 10:37:41 | INFO     | aiapi.performance | __exit__:237 | add_vocabulary_deadline: 0.152s
2025-11-08 10:37:42 | INFO     | aiapi.src.aiapi.services.vocabulary_service | add_vocabulary:139 | Added vocabulary word: prioritize (daily life, advanced)
2025-11-08 10:37:42 | INFO     | aiapi.performance | __exit__:237 | add_vocabulary_prioritize: 0.157s
2025-11-08 10:37:42 | INFO     | aiapi.src.aiapi.services.vocabulary_service | add_vocabulary:139 | Added vocabulary word: grocery (daily life, advanced)
2025-11-08 10:37:42 | INFO     | aiapi.performance | __exit__:237 | add_vocabulary_grocery: 0.165s
2025-11-08 10:37:42 | INFO     | aiapi.src.aiapi.services.vocabulary_service | add_vocabulary:139 | Added vocabulary word: appointment (daily life, advanced)
2025-11-08 10:37:42 | INFO     | aiapi.performance | __exit__:237 | add_vocabulary_appointment: 0.163s
2025-11-08 10:37:42 | INFO     | aiapi.src.aiapi.services.vocabulary_service | add_vocabulary:139 | Added vocabulary word: budget (daily life, advanced)
2025-11-08 10:37:42 | INFO     | aiapi.performance | __exit__:237 | add_vocabulary_budget: 0.162s
2025-11-08 10:37:42 | INFO     | aiapi.src.aiapi.services.vocabulary_service | add_vocabulary:139 | Added vocabulary word: deadline-driven (daily life, advanced)
2025-11-08 10:37:42 | INFO     | aiapi.performance | __exit__:237 | add_vocabulary_deadline-driven: 0.153s
2025-11-08 10:37:42 | INFO     | aiapi.src.aiapi.services.vocabulary_service | add_vocabulary:139 | Added vocabulary word: procrastination (daily life, advanced)
2025-11-08 10:37:42 | INFO     | aiapi.performance | __exit__:237 | add_vocabulary_procrastination: 0.167s
2025-11-08 10:37:42 | INFO     | aiapi.src.aiapi.services.vocabulary_service | add_vocabulary:139 | Added vocabulary word: productivity (daily life, advanced)
2025-11-08 10:37:42 | INFO     | aiapi.performance | __exit__:237 | add_vocabulary_productivity: 0.157s
2025-11-08 10:37:43 | INFO     | aiapi.src.aiapi.services.vocabulary_service | add_vocabulary:139 | Added vocabulary word: leisure (daily life, advanced)
2025-11-08 10:37:43 | INFO     | aiapi.performance | __exit__:237 | add_vocabulary_leisure: 0.177s
2025-11-08 10:37:43 | INFO     | aiapi.src.aiapi.services.vocabulary_service | add_vocabulary:139 | Added vocabulary word: household (daily life, advanced)
2025-11-08 10:37:43 | INFO     | aiapi.performance | __exit__:237 | add_vocabulary_household: 0.161s
2025-11-08 10:37:43 | INFO     | aiapi.src.aiapi.services.vocabulary_service | add_vocabulary:139 | Added vocabulary word: relaxation (daily life, advanced)
2025-11-08 10:37:43 | INFO     | aiapi.performance | __exit__:237 | add_vocabulary_relaxation: 0.256s
2025-11-08 10:37:43 | INFO     | aiapi.src.aiapi.services.vocabulary_service | add_vocabulary:139 | Added vocabulary word: time-consuming (daily life, advanced)
2025-11-08 10:37:43 | INFO     | aiapi.performance | __exit__:237 | add_vocabulary_time-consuming: 0.154s
2025-11-08 10:37:43 | INFO     | aiapi.src.aiapi.services.vocabulary_service | add_vocabulary:139 | Added vocabulary word: travel (travel, beginner)
2025-11-08 10:37:43 | INFO     | aiapi.performance | __exit__:237 | add_vocabulary_travel: 0.173s
2025-11-08 10:37:44 | INFO     | aiapi.src.aiapi.services.vocabulary_service | add_vocabulary:139 | Added vocabulary word: passport (travel, beginner)
2025-11-08 10:37:44 | INFO     | aiapi.performance | __exit__:237 | add_vocabulary_passport: 0.157s
2025-11-08 10:37:44 | INFO     | aiapi.src.aiapi.services.vocabulary_service | add_vocabulary:139 | Added vocabulary word: ticket (travel, beginner)
2025-11-08 10:37:44 | INFO     | aiapi.performance | __exit__:237 | add_vocabulary_ticket: 0.161s
2025-11-08 10:37:44 | INFO     | aiapi.src.aiapi.services.vocabulary_service | add_vocabulary:139 | Added vocabulary word: luggage (travel, beginner)
2025-11-08 10:37:44 | INFO     | aiapi.performance | __exit__:237 | add_vocabulary_luggage: 0.164s
2025-11-08 10:37:44 | INFO     | aiapi.src.aiapi.services.vocabulary_service | add_vocabulary:139 | Added vocabulary word: airport (travel, beginner)
2025-11-08 10:37:44 | INFO     | aiapi.performance | __exit__:237 | add_vocabulary_airport: 0.158s
2025-11-08 10:37:44 | INFO     | aiapi.src.aiapi.services.vocabulary_service | add_vocabulary:139 | Added vocabulary word: flight (travel, beginner)
2025-11-08 10:37:44 | INFO     | aiapi.performance | __exit__:237 | add_vocabulary_flight: 0.160s
2025-11-08 10:37:44 | INFO     | aiapi.src.aiapi.services.vocabulary_service | add_vocabulary:139 | Added vocabulary word: hotel (travel, beginner)
2025-11-08 10:37:44 | INFO     | aiapi.performance | __exit__:237 | add_vocabulary_hotel: 0.173s
2025-11-08 10:37:45 | INFO     | aiapi.src.aiapi.services.vocabulary_service | add_vocabulary:139 | Added vocabulary word: map (travel, beginner)
2025-11-08 10:37:45 | INFO     | aiapi.performance | __exit__:237 | add_vocabulary_map: 0.155s
2025-11-08 10:37:45 | INFO     | aiapi.src.aiapi.services.vocabulary_service | add_vocabulary:139 | Added vocabulary word: adventure (travel, beginner)
2025-11-08 10:37:45 | INFO     | aiapi.performance | __exit__:237 | add_vocabulary_adventure: 0.150s
2025-11-08 10:37:45 | INFO     | aiapi.src.aiapi.services.vocabulary_service | add_vocabulary:139 | Added vocabulary word: guide (travel, beginner)
2025-11-08 10:37:45 | INFO     | aiapi.performance | __exit__:237 | add_vocabulary_guide: 0.160s
2025-11-08 10:37:45 | INFO     | aiapi.src.aiapi.services.vocabulary_service | add_vocabulary:139 | Added vocabulary word: backpack (travel, beginner)
2025-11-08 10:37:45 | INFO     | aiapi.performance | __exit__:237 | add_vocabulary_backpack: 0.189s
2025-11-08 10:37:45 | INFO     | aiapi.src.aiapi.services.vocabulary_service | add_vocabulary:139 | Added vocabulary word: beach (travel, beginner)
2025-11-08 10:37:45 | INFO     | aiapi.performance | __exit__:237 | add_vocabulary_beach: 0.160s
2025-11-08 10:37:45 | INFO     | aiapi.src.aiapi.services.vocabulary_service | add_vocabulary:139 | Added vocabulary word: bus (travel, beginner)
2025-11-08 10:37:45 | INFO     | aiapi.performance | __exit__:237 | add_vocabulary_bus: 0.157s
2025-11-08 10:37:46 | INFO     | aiapi.src.aiapi.services.vocabulary_service | add_vocabulary:139 | Added vocabulary word: car (travel, beginner)
2025-11-08 10:37:46 | INFO     | aiapi.performance | __exit__:237 | add_vocabulary_car: 0.185s
2025-11-08 10:37:46 | INFO     | aiapi.src.aiapi.services.vocabulary_service | add_vocabulary:139 | Added vocabulary word: train (travel, beginner)
2025-11-08 10:37:46 | INFO     | aiapi.performance | __exit__:237 | add_vocabulary_train: 0.160s
2025-11-08 10:37:46 | INFO     | aiapi.src.aiapi.services.vocabulary_service | add_vocabulary:139 | Added vocabulary word: plane (travel, beginner)
2025-11-08 10:37:46 | INFO     | aiapi.performance | __exit__:237 | add_vocabulary_plane: 0.164s
2025-11-08 10:37:46 | INFO     | aiapi.src.aiapi.services.vocabulary_service | add_vocabulary:139 | Added vocabulary word: cruise (travel, beginner)
2025-11-08 10:37:46 | INFO     | aiapi.performance | __exit__:237 | add_vocabulary_cruise: 0.155s
2025-11-08 10:37:46 | INFO     | aiapi.src.aiapi.services.vocabulary_service | add_vocabulary:139 | Added vocabulary word: destination (travel, beginner)
2025-11-08 10:37:46 | INFO     | aiapi.performance | __exit__:237 | add_vocabulary_destination: 0.159s
2025-11-08 10:37:46 | INFO     | aiapi.src.aiapi.services.vocabulary_service | add_vocabulary:139 | Added vocabulary word: suitcase (travel, beginner)
2025-11-08 10:37:46 | INFO     | aiapi.performance | __exit__:237 | add_vocabulary_suitcase: 0.168s
2025-11-08 10:37:47 | INFO     | aiapi.src.aiapi.services.vocabulary_service | add_vocabulary:139 | Added vocabulary word: adventure (travel, beginner)
2025-11-08 10:37:47 | INFO     | aiapi.performance | __exit__:237 | add_vocabulary_adventure: 0.177s
2025-11-08 10:37:47 | INFO     | aiapi.src.aiapi.services.vocabulary_service | add_vocabulary:139 | Added vocabulary word: passport control (travel, beginner)
2025-11-08 10:37:47 | INFO     | aiapi.performance | __exit__:237 | add_vocabulary_passport control: 0.167s
2025-11-08 10:37:47 | INFO     | aiapi.src.aiapi.services.vocabulary_service | add_vocabulary:139 | Added vocabulary word: customs (travel, beginner)
2025-11-08 10:37:47 | INFO     | aiapi.performance | __exit__:237 | add_vocabulary_customs: 0.159s
2025-11-08 10:37:47 | INFO     | aiapi.src.aiapi.services.vocabulary_service | add_vocabulary:139 | Added vocabulary word: tourist (travel, beginner)
2025-11-08 10:37:47 | INFO     | aiapi.performance | __exit__:237 | add_vocabulary_tourist: 0.152s
2025-11-08 10:37:47 | INFO     | aiapi.src.aiapi.services.vocabulary_service | add_vocabulary:139 | Added vocabulary word: journey (travel, beginner)
2025-11-08 10:37:47 | INFO     | aiapi.performance | __exit__:237 | add_vocabulary_journey: 0.157s
2025-11-08 10:37:47 | INFO     | aiapi.src.aiapi.services.vocabulary_service | add_vocabulary:139 | Added vocabulary word: holiday (travel, beginner)
2025-11-08 10:37:47 | INFO     | aiapi.performance | __exit__:237 | add_vocabulary_holiday: 0.156s
2025-11-08 10:37:47 | INFO     | aiapi.src.aiapi.services.vocabulary_service | add_vocabulary:139 | Added vocabulary word: tour (travel, beginner)
2025-11-08 10:37:47 | INFO     | aiapi.performance | __exit__:237 | add_vocabulary_tour: 0.176s
2025-11-08 10:37:48 | INFO     | aiapi.src.aiapi.services.vocabulary_service | add_vocabulary:139 | Added vocabulary word: island (travel, beginner)
2025-11-08 10:37:48 | INFO     | aiapi.performance | __exit__:237 | add_vocabulary_island: 0.155s
2025-11-08 10:37:48 | INFO     | aiapi.src.aiapi.services.vocabulary_service | add_vocabulary:139 | Added vocabulary word: adventure (travel, beginner)
2025-11-08 10:37:48 | INFO     | aiapi.performance | __exit__:237 | add_vocabulary_adventure: 0.156s
2025-11-08 10:37:48 | INFO     | aiapi.src.aiapi.services.vocabulary_service | add_vocabulary:139 | Added vocabulary word: visa (travel, beginner)
2025-11-08 10:37:48 | INFO     | aiapi.performance | __exit__:237 | add_vocabulary_visa: 0.154s
2025-11-08 10:37:48 | INFO     | aiapi.src.aiapi.services.vocabulary_service | add_vocabulary:139 | Added vocabulary word: backpacking (travel, beginner)
2025-11-08 10:37:48 | INFO     | aiapi.performance | __exit__:237 | add_vocabulary_backpacking: 0.188s
2025-11-08 10:37:48 | INFO     | aiapi.src.aiapi.services.vocabulary_service | add_vocabulary:139 | Added vocabulary word: airport (travel, intermediate)
2025-11-08 10:37:48 | INFO     | aiapi.performance | __exit__:237 | add_vocabulary_airport: 0.170s
2025-11-08 10:37:48 | INFO     | aiapi.src.aiapi.services.vocabulary_service | add_vocabulary:139 | Added vocabulary word: passport (travel, intermediate)
2025-11-08 10:37:48 | INFO     | aiapi.performance | __exit__:237 | add_vocabulary_passport: 0.165s
2025-11-08 10:37:49 | INFO     | aiapi.src.aiapi.services.vocabulary_service | add_vocabulary:139 | Added vocabulary word: luggage (travel, intermediate)
2025-11-08 10:37:49 | INFO     | aiapi.performance | __exit__:237 | add_vocabulary_luggage: 0.154s
2025-11-08 10:37:49 | INFO     | aiapi.src.aiapi.services.vocabulary_service | add_vocabulary:139 | Added vocabulary word: destination (travel, intermediate)
2025-11-08 10:37:49 | INFO     | aiapi.performance | __exit__:237 | add_vocabulary_destination: 0.183s
2025-11-08 10:37:49 | INFO     | aiapi.src.aiapi.services.vocabulary_service | add_vocabulary:139 | Added vocabulary word: ticket (travel, intermediate)
2025-11-08 10:37:49 | INFO     | aiapi.performance | __exit__:237 | add_vocabulary_ticket: 0.160s
2025-11-08 10:37:49 | INFO     | aiapi.src.aiapi.services.vocabulary_service | add_vocabulary:139 | Added vocabulary word: adventure (travel, intermediate)
2025-11-08 10:37:49 | INFO     | aiapi.performance | __exit__:237 | add_vocabulary_adventure: 0.168s
2025-11-08 10:37:49 | INFO     | aiapi.src.aiapi.services.vocabulary_service | add_vocabulary:139 | Added vocabulary word: suitcase (travel, intermediate)
2025-11-08 10:37:49 | INFO     | aiapi.performance | __exit__:237 | add_vocabulary_suitcase: 0.158s
2025-11-08 10:37:49 | INFO     | aiapi.src.aiapi.services.vocabulary_service | add_vocabulary:139 | Added vocabulary word: tourist (travel, intermediate)
2025-11-08 10:37:49 | INFO     | aiapi.performance | __exit__:237 | add_vocabulary_tourist: 0.188s
2025-11-08 10:37:50 | INFO     | aiapi.src.aiapi.services.vocabulary_service | add_vocabulary:139 | Added vocabulary word: itinerary (travel, intermediate)
2025-11-08 10:37:50 | INFO     | aiapi.performance | __exit__:237 | add_vocabulary_itinerary: 0.161s
2025-11-08 10:37:50 | INFO     | aiapi.src.aiapi.services.vocabulary_service | add_vocabulary:139 | Added vocabulary word: explore (travel, intermediate)
2025-11-08 10:37:50 | INFO     | aiapi.performance | __exit__:237 | add_vocabulary_explore: 0.156s
2025-11-08 10:37:50 | INFO     | aiapi.src.aiapi.services.vocabulary_service | add_vocabulary:139 | Added vocabulary word: journey (travel, intermediate)
2025-11-08 10:37:50 | INFO     | aiapi.performance | __exit__:237 | add_vocabulary_journey: 0.287s
2025-11-08 10:37:50 | INFO     | aiapi.src.aiapi.services.vocabulary_service | add_vocabulary:139 | Added vocabulary word: guide (travel, intermediate)
2025-11-08 10:37:50 | INFO     | aiapi.performance | __exit__:237 | add_vocabulary_guide: 0.171s
2025-11-08 10:37:50 | INFO     | aiapi.src.aiapi.services.vocabulary_service | add_vocabulary:139 | Added vocabulary word: adventurous (travel, intermediate)
2025-11-08 10:37:50 | INFO     | aiapi.performance | __exit__:237 | add_vocabulary_adventurous: 0.156s
2025-11-08 10:37:51 | INFO     | aiapi.src.aiapi.services.vocabulary_service | add_vocabulary:139 | Added vocabulary word: souvenir (travel, intermediate)
2025-11-08 10:37:51 | INFO     | aiapi.performance | __exit__:237 | add_vocabulary_souvenir: 0.162s
2025-11-08 10:37:51 | INFO     | aiapi.src.aiapi.services.vocabulary_service | add_vocabulary:139 | Added vocabulary word: backpack (travel, intermediate)
2025-11-08 10:37:51 | INFO     | aiapi.performance | __exit__:237 | add_vocabulary_backpack: 0.152s
2025-11-08 10:37:51 | INFO     | aiapi.src.aiapi.services.vocabulary_service | add_vocabulary:139 | Added vocabulary word: hotel (travel, intermediate)
2025-11-08 10:37:51 | INFO     | aiapi.performance | __exit__:237 | add_vocabulary_hotel: 0.223s
2025-11-08 10:37:51 | INFO     | aiapi.src.aiapi.services.vocabulary_service | add_vocabulary:139 | Added vocabulary word: landmark (travel, intermediate)
2025-11-08 10:37:51 | INFO     | aiapi.performance | __exit__:237 | add_vocabulary_landmark: 0.154s
2025-11-08 10:37:51 | INFO     | aiapi.src.aiapi.services.vocabulary_service | add_vocabulary:139 | Added vocabulary word: map (travel, intermediate)
2025-11-08 10:37:51 | INFO     | aiapi.performance | __exit__:237 | add_vocabulary_map: 0.167s
2025-11-08 10:37:51 | INFO     | aiapi.src.aiapi.services.vocabulary_service | add_vocabulary:139 | Added vocabulary word: cruise (travel, intermediate)
2025-11-08 10:37:51 | INFO     | aiapi.performance | __exit__:237 | add_vocabulary_cruise: 0.155s
2025-11-08 10:37:52 | INFO     | aiapi.src.aiapi.services.vocabulary_service | add_vocabulary:139 | Added vocabulary word: visa (travel, intermediate)
2025-11-08 10:37:52 | INFO     | aiapi.performance | __exit__:237 | add_vocabulary_visa: 0.182s
2025-11-08 10:37:52 | INFO     | aiapi.src.aiapi.services.vocabulary_service | add_vocabulary:139 | Added vocabulary word: backpacker (travel, intermediate)
2025-11-08 10:37:52 | INFO     | aiapi.performance | __exit__:237 | add_vocabulary_backpacker: 0.156s
2025-11-08 10:37:52 | INFO     | aiapi.src.aiapi.services.vocabulary_service | add_vocabulary:139 | Added vocabulary word: customs (travel, intermediate)
2025-11-08 10:37:52 | INFO     | aiapi.performance | __exit__:237 | add_vocabulary_customs: 0.159s
2025-11-08 10:37:52 | INFO     | aiapi.src.aiapi.services.vocabulary_service | add_vocabulary:139 | Added vocabulary word: foreigner (travel, intermediate)
2025-11-08 10:37:52 | INFO     | aiapi.performance | __exit__:237 | add_vocabulary_foreigner: 0.173s
2025-11-08 10:37:52 | INFO     | aiapi.src.aiapi.services.vocabulary_service | add_vocabulary:139 | Added vocabulary word: flight (travel, intermediate)
2025-11-08 10:37:52 | INFO     | aiapi.performance | __exit__:237 | add_vocabulary_flight: 0.150s
2025-11-08 10:37:52 | INFO     | aiapi.src.aiapi.services.vocabulary_service | add_vocabulary:139 | Added vocabulary word: backpacking (travel, intermediate)
2025-11-08 10:37:52 | INFO     | aiapi.performance | __exit__:237 | add_vocabulary_backpacking: 0.182s
2025-11-08 10:37:53 | INFO     | aiapi.src.aiapi.services.vocabulary_service | add_vocabulary:139 | Added vocabulary word: adventure (travel, intermediate)
2025-11-08 10:37:53 | INFO     | aiapi.performance | __exit__:237 | add_vocabulary_adventure: 0.185s
2025-11-08 10:37:53 | INFO     | aiapi.src.aiapi.services.vocabulary_service | add_vocabulary:139 | Added vocabulary word: travel (travel, intermediate)
2025-11-08 10:37:53 | INFO     | aiapi.performance | __exit__:237 | add_vocabulary_travel: 0.187s
2025-11-08 10:37:53 | INFO     | aiapi.src.aiapi.services.vocabulary_service | add_vocabulary:139 | Added vocabulary word: resort (travel, intermediate)
2025-11-08 10:37:53 | INFO     | aiapi.performance | __exit__:237 | add_vocabulary_resort: 0.185s
2025-11-08 10:37:53 | INFO     | aiapi.src.aiapi.services.vocabulary_service | add_vocabulary:139 | Added vocabulary word: sightseeing (travel, intermediate)
2025-11-08 10:37:53 | INFO     | aiapi.performance | __exit__:237 | add_vocabulary_sightseeing: 0.178s
2025-11-08 10:37:53 | INFO     | aiapi.src.aiapi.services.vocabulary_service | add_vocabulary:139 | Added vocabulary word: local (travel, intermediate)
2025-11-08 10:37:53 | INFO     | aiapi.performance | __exit__:237 | add_vocabulary_local: 0.177s
2025-11-08 10:37:54 | INFO     | aiapi.src.aiapi.services.vocabulary_service | add_vocabulary:139 | Added vocabulary word: visa-free (travel, intermediate)
2025-11-08 10:37:54 | INFO     | aiapi.performance | __exit__:237 | add_vocabulary_visa-free: 0.194s
2025-11-08 10:42:01 | WARNING  | aiapi.performance | __exit__:239 | analyze_sentence_structure: 0.498s (failed)
2025-11-08 10:42:01 | ERROR    | aiapi.src.aiapi.utils.error_handler | wrapper:105 | Azure OpenAI API error: Error code: 400 - {'error': {'message': 'Budget has been exceeded! Current cost: 1.0661650000000003, Max budget: 1.0', 'type': 'budget_exceeded', 'param': None, 'code': '400'}}
2025-11-08 10:48:16 | WARNING  | aiapi.performance | __exit__:239 | analyze_sentence_structure: 0.465s (failed)
2025-11-08 10:48:16 | ERROR    | aiapi.src.aiapi.utils.error_handler | wrapper:105 | Azure OpenAI API error: Error code: 404 - {'detail': 'Not Found'}
2025-11-08 10:48:37 | WARNING  | aiapi.performance | __exit__:239 | analyze_sentence_structure: 0.508s (failed)
2025-11-08 10:48:37 | ERROR    | aiapi.src.aiapi.utils.error_handler | wrapper:105 | Azure OpenAI API error: Error code: 400 - {'error': {'message': 'Budget has been exceeded! Current cost: 1.0661650000000003, Max budget: 1.0', 'type': 'budget_exceeded', 'param': None, 'code': '400'}}
2025-11-08 10:50:28 | INFO     | aiapi.src.aiapi.services.word_insertion_service | analyze_sentence_structure:133 | Found 3 insertion positions for sentence
2025-11-08 10:50:28 | INFO     | aiapi.performance | __exit__:237 | analyze_sentence_structure: 2.747s
2025-11-08 10:50:30 | INFO     | aiapi.src.aiapi.services.word_insertion_service | analyze_sentence_structure:133 | Found 3 insertion positions for sentence
2025-11-08 10:50:30 | INFO     | aiapi.performance | __exit__:237 | analyze_sentence_structure: 1.928s
2025-11-08 10:50:32 | INFO     | aiapi.src.aiapi.services.word_insertion_service | analyze_sentence_structure:133 | Found 3 insertion positions for sentence
2025-11-08 10:50:32 | INFO     | aiapi.performance | __exit__:237 | analyze_sentence_structure: 2.408s
2025-11-08 10:50:35 | INFO     | aiapi.src.aiapi.services.word_insertion_service | analyze_sentence_structure:133 | Found 3 insertion positions for sentence
2025-11-08 10:50:35 | INFO     | aiapi.performance | __exit__:237 | analyze_sentence_structure: 2.518s
2025-11-08 10:50:36 | INFO     | aiapi.src.aiapi.services.word_insertion_service | analyze_sentence_structure:133 | Found 3 insertion positions for sentence
2025-11-08 10:50:36 | INFO     | aiapi.performance | __exit__:237 | analyze_sentence_structure: 1.887s
2025-11-08 11:00:40 | INFO     | aiapi.context | __enter__:206 | Starting generate_story_with_insertion [prompt=Viết câu chuyện ngắn 5 câu về một ngày đi làm]
2025-11-08 11:00:40 | INFO     | aiapi.src.aiapi.services.story_enhancement_service | generate_story_with_insertion:238 | Starting story generation with insertion: prompt='Viết câu chuyện ngắn 5 câu về một ngày đi làm...'
2025-11-08 11:00:40 | INFO     | aiapi.src.aiapi.services.story_enhancement_service | generate_story_with_insertion:250 | Generating base story (attempt 1/3)...
2025-11-08 11:00:46 | WARNING  | aiapi.src.aiapi.services.story_enhancement_service | generate_story_with_insertion:274 | Base story readability too low: 55 < 60
2025-11-08 11:00:46 | INFO     | aiapi.src.aiapi.services.story_enhancement_service | generate_story_with_insertion:278 | Regenerating story with simpler sentence structures...
2025-11-08 11:00:46 | INFO     | aiapi.src.aiapi.services.story_enhancement_service | generate_story_with_insertion:250 | Generating base story (attempt 2/3)...
2025-11-08 11:00:50 | INFO     | aiapi.src.aiapi.services.story_enhancement_service | generate_story_with_insertion:271 | Base story readability acceptable: 70
2025-11-08 11:00:50 | INFO     | aiapi.src.aiapi.services.story_enhancement_service | generate_story_with_insertion:318 | Base story generated: 377 characters
2025-11-08 11:00:50 | INFO     | aiapi.src.aiapi.services.story_enhancement_service | generate_story_with_insertion:321 | Analyzing story structure for insertion positions...
2025-11-08 11:00:50 | INFO     | aiapi.src.aiapi.services.story_enhancement_service | generate_story_with_insertion:322 | Story has 87 words
2025-11-08 11:00:50 | INFO     | aiapi.src.aiapi.services.word_insertion_service | analyze_story_structure:168 | Story split into 5 sentences
2025-11-08 11:00:52 | INFO     | aiapi.src.aiapi.services.word_insertion_service | analyze_sentence_structure:133 | Found 3 insertion positions for sentence
2025-11-08 11:00:52 | INFO     | aiapi.performance | __exit__:237 | analyze_sentence_structure: 2.143s
2025-11-08 11:00:54 | INFO     | aiapi.src.aiapi.services.word_insertion_service | analyze_sentence_structure:133 | Found 3 insertion positions for sentence
2025-11-08 11:00:54 | INFO     | aiapi.performance | __exit__:237 | analyze_sentence_structure: 1.843s
2025-11-08 11:00:56 | INFO     | aiapi.src.aiapi.services.word_insertion_service | analyze_sentence_structure:133 | Found 3 insertion positions for sentence
2025-11-08 11:00:56 | INFO     | aiapi.performance | __exit__:237 | analyze_sentence_structure: 1.946s
2025-11-08 11:00:58 | INFO     | aiapi.src.aiapi.services.word_insertion_service | analyze_sentence_structure:133 | Found 3 insertion positions for sentence
2025-11-08 11:00:58 | INFO     | aiapi.performance | __exit__:237 | analyze_sentence_structure: 1.986s
2025-11-08 11:01:01 | INFO     | aiapi.src.aiapi.services.word_insertion_service | analyze_sentence_structure:133 | Found 3 insertion positions for sentence
2025-11-08 11:01:01 | INFO     | aiapi.performance | __exit__:237 | analyze_sentence_structure: 2.606s
2025-11-08 11:01:01 | INFO     | aiapi.src.aiapi.services.word_insertion_service | analyze_story_structure:198 | ✅ Analyzed 5 sentences (0 skipped), found 15 total positions
2025-11-08 11:01:01 | INFO     | aiapi.src.aiapi.services.story_enhancement_service | generate_story_with_insertion:325 | Found 15 insertion positions
2025-11-08 11:01:01 | INFO     | aiapi.src.aiapi.services.story_enhancement_service | generate_story_with_insertion:353 | Selecting vocabulary for insertion (count: 5)...
2025-11-08 11:01:01 | INFO     | aiapi.src.aiapi.services.vocabulary_service | get_vocabulary_collection:32 | Initializing vocabulary collection...
2025-11-08 11:01:01 | INFO     | aiapi.src.aiapi.services.vocabulary_service | get_vocabulary_collection:42 | Vocabulary collection initialized: vocabulary
2025-11-08 11:01:01 | INFO     | aiapi.src.aiapi.services.vocabulary_service | search_vocabulary_semantic:280 | Found 6 vocabulary words for query: 'Minh thức dậy vào sáng sớm, ánh nắng mặt trời chiếu qua cửa sổ. Sau khi ăn sáng và chuẩn bị đồ đạc, Minh đi bộ đến văn phòng với tâm trạng vui vẻ. Đến nơi, Minh chào mọi người và cùng đồng nghiệp bắt đầu làm việc. Họ cùng nhau hoàn thành các dự án và tham gia một buổi họp thú vị. Cuối ngày, Minh trở về nhà với cảm giác hài lòng vì đã có một ngày làm việc năng suất và vui vẻ.'
2025-11-08 11:01:01 | INFO     | aiapi.performance | __exit__:237 | search_vocabulary_semantic: 0.344s
2025-11-08 11:01:01 | WARNING  | aiapi.src.aiapi.services.story_enhancement_service | generate_story_with_insertion:365 | No suitable vocabulary found
2025-11-08 11:01:01 | INFO     | aiapi.context | __exit__:213 | Completed generate_story_with_insertion in 21.399s
2025-11-08 11:01:38 | INFO     | aiapi.context | __enter__:206 | Starting generate_story_with_insertion [prompt=Viết câu chuyện ngắn 5 câu về một ngày đi làm]
2025-11-08 11:01:38 | INFO     | aiapi.src.aiapi.services.story_enhancement_service | generate_story_with_insertion:238 | Starting story generation with insertion: prompt='Viết câu chuyện ngắn 5 câu về một ngày đi làm...'
2025-11-08 11:01:38 | INFO     | aiapi.src.aiapi.services.story_enhancement_service | generate_story_with_insertion:250 | Generating base story (attempt 1/3)...
2025-11-08 11:01:51 | WARNING  | aiapi.src.aiapi.services.story_enhancement_service | generate_story_with_insertion:274 | Base story readability too low: 40 < 60
2025-11-08 11:01:51 | INFO     | aiapi.src.aiapi.services.story_enhancement_service | generate_story_with_insertion:278 | Regenerating story with simpler sentence structures...
2025-11-08 11:01:51 | INFO     | aiapi.src.aiapi.services.story_enhancement_service | generate_story_with_insertion:250 | Generating base story (attempt 2/3)...
2025-11-08 11:02:01 | WARNING  | aiapi.src.aiapi.services.story_enhancement_service | generate_story_with_insertion:274 | Base story readability too low: 55 < 60
2025-11-08 11:02:01 | INFO     | aiapi.src.aiapi.services.story_enhancement_service | generate_story_with_insertion:278 | Regenerating story with simpler sentence structures...
2025-11-08 11:02:01 | INFO     | aiapi.src.aiapi.services.story_enhancement_service | generate_story_with_insertion:250 | Generating base story (attempt 3/3)...
2025-11-08 11:02:07 | WARNING  | aiapi.src.aiapi.services.story_enhancement_service | generate_story_with_insertion:274 | Base story readability too low: 55 < 60
2025-11-08 11:02:07 | WARNING  | aiapi.src.aiapi.services.story_enhancement_service | generate_story_with_insertion:289 | Max regeneration attempts reached. Proceeding with current story.
2025-11-08 11:02:07 | INFO     | aiapi.src.aiapi.services.story_enhancement_service | generate_story_with_insertion:318 | Base story generated: 633 characters
2025-11-08 11:02:07 | INFO     | aiapi.src.aiapi.services.story_enhancement_service | generate_story_with_insertion:321 | Analyzing story structure for insertion positions...
2025-11-08 11:02:07 | INFO     | aiapi.src.aiapi.services.story_enhancement_service | generate_story_with_insertion:322 | Story has 144 words
2025-11-08 11:02:07 | INFO     | aiapi.src.aiapi.services.word_insertion_service | analyze_story_structure:168 | Story split into 8 sentences
2025-11-08 11:02:09 | INFO     | aiapi.src.aiapi.services.word_insertion_service | analyze_sentence_structure:133 | Found 3 insertion positions for sentence
2025-11-08 11:02:09 | INFO     | aiapi.performance | __exit__:237 | analyze_sentence_structure: 1.782s
2025-11-08 11:02:10 | INFO     | aiapi.src.aiapi.services.word_insertion_service | analyze_sentence_structure:133 | Found 3 insertion positions for sentence
2025-11-08 11:02:10 | INFO     | aiapi.performance | __exit__:237 | analyze_sentence_structure: 1.418s
2025-11-08 11:02:12 | INFO     | aiapi.src.aiapi.services.word_insertion_service | analyze_sentence_structure:133 | Found 3 insertion positions for sentence
2025-11-08 11:02:12 | INFO     | aiapi.performance | __exit__:237 | analyze_sentence_structure: 1.840s
2025-11-08 11:02:14 | INFO     | aiapi.src.aiapi.services.word_insertion_service | analyze_sentence_structure:133 | Found 3 insertion positions for sentence
2025-11-08 11:02:14 | INFO     | aiapi.performance | __exit__:237 | analyze_sentence_structure: 1.612s
2025-11-08 11:02:15 | INFO     | aiapi.src.aiapi.services.word_insertion_service | analyze_sentence_structure:133 | Found 3 insertion positions for sentence
2025-11-08 11:02:15 | INFO     | aiapi.performance | __exit__:237 | analyze_sentence_structure: 1.383s
2025-11-08 11:02:17 | INFO     | aiapi.src.aiapi.services.word_insertion_service | analyze_sentence_structure:133 | Found 3 insertion positions for sentence
2025-11-08 11:02:17 | INFO     | aiapi.performance | __exit__:237 | analyze_sentence_structure: 1.279s
2025-11-08 11:02:18 | INFO     | aiapi.src.aiapi.services.word_insertion_service | analyze_sentence_structure:133 | Found 3 insertion positions for sentence
2025-11-08 11:02:18 | INFO     | aiapi.performance | __exit__:237 | analyze_sentence_structure: 1.840s
2025-11-08 11:02:20 | INFO     | aiapi.src.aiapi.services.word_insertion_service | analyze_sentence_structure:133 | Found 3 insertion positions for sentence
2025-11-08 11:02:20 | INFO     | aiapi.performance | __exit__:237 | analyze_sentence_structure: 1.441s
2025-11-08 11:02:20 | INFO     | aiapi.src.aiapi.services.word_insertion_service | analyze_story_structure:198 | ✅ Analyzed 8 sentences (0 skipped), found 24 total positions
2025-11-08 11:02:20 | INFO     | aiapi.src.aiapi.services.story_enhancement_service | generate_story_with_insertion:325 | Found 24 insertion positions
2025-11-08 11:02:20 | INFO     | aiapi.src.aiapi.services.story_enhancement_service | generate_story_with_insertion:353 | Selecting vocabulary for insertion (count: 5)...
2025-11-08 11:02:20 | INFO     | aiapi.src.aiapi.services.vocabulary_service | get_vocabulary_collection:32 | Initializing vocabulary collection...
2025-11-08 11:02:21 | INFO     | aiapi.src.aiapi.services.vocabulary_service | get_vocabulary_collection:42 | Vocabulary collection initialized: vocabulary
2025-11-08 11:02:21 | INFO     | aiapi.src.aiapi.services.vocabulary_service | search_vocabulary_semantic:280 | Found 6 vocabulary words for query: 'Hôm nay, Tùng thức dậy sớm hơn mọi ngày. Anh chuẩn bị bữa sáng với những lát bánh mì nướng và một cốc sữa tươi. Sau khi ăn xong, Tùng mặc áo sơ mi và quần âu, sẵn sàng cho một ngày làm việc. Từ nhà đến văn phòng, anh đi bằng xe đạp, hít thở không khí trong lành và nhìn ngắm những bông hoa bên đường.

Đến nơi, Tùng gặp gỡ các đồng nghiệp và cùng nhau bàn luận về dự án mới. Mặc dù công việc đôi khi căng thẳng, nhưng mọi người luôn giúp đỡ nhau và tạo không khí vui vẻ. Sau một ngày dài, Tùng cảm th'
2025-11-08 11:02:21 | INFO     | aiapi.performance | __exit__:237 | search_vocabulary_semantic: 0.351s
2025-11-08 11:02:21 | WARNING  | aiapi.src.aiapi.services.story_enhancement_service | generate_story_with_insertion:365 | No suitable vocabulary found
2025-11-08 11:02:21 | INFO     | aiapi.context | __exit__:213 | Completed generate_story_with_insertion in 42.435s
2025-11-08 11:09:00 | INFO     | aiapi.src.aiapi.services.vocabulary_service | get_vocabulary_collection:32 | Initializing vocabulary collection...
2025-11-08 11:09:00 | INFO     | aiapi.src.aiapi.services.vocabulary_service | get_vocabulary_collection:42 | Vocabulary collection initialized: vocabulary
2025-11-08 11:09:39 | INFO     | aiapi.context | __enter__:206 | Starting generate_story_with_insertion [prompt=Viết câu chuyện ngắn 5 câu về một ngày đi làm]
2025-11-08 11:09:39 | INFO     | aiapi.src.aiapi.services.story_enhancement_service | generate_story_with_insertion:238 | Starting story generation with insertion: prompt='Viết câu chuyện ngắn 5 câu về một ngày đi làm...'
2025-11-08 11:09:39 | INFO     | aiapi.src.aiapi.services.story_enhancement_service | generate_story_with_insertion:250 | Generating base story (attempt 1/3)...
2025-11-08 11:09:45 | WARNING  | aiapi.src.aiapi.services.story_enhancement_service | generate_story_with_insertion:274 | Base story readability too low: 55 < 60
2025-11-08 11:09:45 | INFO     | aiapi.src.aiapi.services.story_enhancement_service | generate_story_with_insertion:278 | Regenerating story with simpler sentence structures...
2025-11-08 11:09:45 | INFO     | aiapi.src.aiapi.services.story_enhancement_service | generate_story_with_insertion:250 | Generating base story (attempt 2/3)...
2025-11-08 11:09:50 | WARNING  | aiapi.src.aiapi.services.story_enhancement_service | generate_story_with_insertion:274 | Base story readability too low: 40 < 60
2025-11-08 11:09:50 | INFO     | aiapi.src.aiapi.services.story_enhancement_service | generate_story_with_insertion:278 | Regenerating story with simpler sentence structures...
2025-11-08 11:09:50 | INFO     | aiapi.src.aiapi.services.story_enhancement_service | generate_story_with_insertion:250 | Generating base story (attempt 3/3)...
2025-11-08 11:09:55 | WARNING  | aiapi.src.aiapi.services.story_enhancement_service | generate_story_with_insertion:274 | Base story readability too low: 55 < 60
2025-11-08 11:09:55 | WARNING  | aiapi.src.aiapi.services.story_enhancement_service | generate_story_with_insertion:289 | Max regeneration attempts reached. Proceeding with current story.
2025-11-08 11:09:55 | INFO     | aiapi.src.aiapi.services.story_enhancement_service | generate_story_with_insertion:318 | Base story generated: 507 characters
2025-11-08 11:09:55 | INFO     | aiapi.src.aiapi.services.story_enhancement_service | generate_story_with_insertion:321 | Analyzing story structure for insertion positions...
2025-11-08 11:09:55 | INFO     | aiapi.src.aiapi.services.story_enhancement_service | generate_story_with_insertion:322 | Story has 116 words
2025-11-08 11:09:55 | INFO     | aiapi.src.aiapi.services.word_insertion_service | analyze_story_structure:168 | Story split into 5 sentences
2025-11-08 11:09:58 | INFO     | aiapi.src.aiapi.services.word_insertion_service | analyze_sentence_structure:133 | Found 3 insertion positions for sentence
2025-11-08 11:09:58 | INFO     | aiapi.performance | __exit__:237 | analyze_sentence_structure: 2.608s
2025-11-08 11:10:00 | INFO     | aiapi.src.aiapi.services.word_insertion_service | analyze_sentence_structure:133 | Found 3 insertion positions for sentence
2025-11-08 11:10:00 | INFO     | aiapi.performance | __exit__:237 | analyze_sentence_structure: 2.353s
2025-11-08 11:10:02 | INFO     | aiapi.src.aiapi.services.word_insertion_service | analyze_sentence_structure:133 | Found 3 insertion positions for sentence
2025-11-08 11:10:02 | INFO     | aiapi.performance | __exit__:237 | analyze_sentence_structure: 1.738s
2025-11-08 11:10:04 | INFO     | aiapi.src.aiapi.services.word_insertion_service | analyze_sentence_structure:133 | Found 3 insertion positions for sentence
2025-11-08 11:10:04 | INFO     | aiapi.performance | __exit__:237 | analyze_sentence_structure: 2.297s
2025-11-08 11:10:07 | INFO     | aiapi.src.aiapi.services.word_insertion_service | analyze_sentence_structure:133 | Found 3 insertion positions for sentence
2025-11-08 11:10:07 | INFO     | aiapi.performance | __exit__:237 | analyze_sentence_structure: 2.313s
2025-11-08 11:10:07 | INFO     | aiapi.src.aiapi.services.word_insertion_service | analyze_story_structure:198 | ✅ Analyzed 5 sentences (0 skipped), found 15 total positions
2025-11-08 11:10:07 | INFO     | aiapi.src.aiapi.services.story_enhancement_service | generate_story_with_insertion:325 | Found 15 insertion positions
2025-11-08 11:10:07 | INFO     | aiapi.src.aiapi.services.story_enhancement_service | generate_story_with_insertion:353 | Selecting vocabulary for insertion (count: 5)...
2025-11-08 11:10:07 | INFO     | aiapi.src.aiapi.services.vocabulary_service | get_vocabulary_collection:32 | Initializing vocabulary collection...
2025-11-08 11:10:07 | INFO     | aiapi.src.aiapi.services.vocabulary_service | get_vocabulary_collection:42 | Vocabulary collection initialized: vocabulary
2025-11-08 11:10:07 | INFO     | aiapi.src.aiapi.services.vocabulary_service | search_vocabulary_semantic:280 | Found 6 vocabulary words for query: 'Hôm nay là một ngày đẹp trời, và tôi thức dậy sớm để chuẩn bị cho ngày làm việc. Sau khi ăn sáng và đánh răng, tôi mặc bộ đồ công sở yêu thích của mình và đi ra ngoài. Khi đến văn phòng, tôi nhìn thấy các đồng nghiệp đang cười đùa và cùng nhau thưởng thức cà phê. Công việc diễn ra suôn sẻ với những dự án thú vị và các cuộc họp vui vẻ, khiến tôi cảm thấy rất hào hứng. Cuối cùng, sau một ngày làm việc chăm chỉ, tôi trở về nhà với nụ cười trên môi, tự nhủ rằng cái ngày thứ Hai đặc biệt này thật tuy'
2025-11-08 11:10:07 | INFO     | aiapi.performance | __exit__:237 | search_vocabulary_semantic: 0.364s
2025-11-08 11:10:08 | WARNING  | aiapi.src.aiapi.services.story_enhancement_service | generate_story_with_insertion:365 | No suitable vocabulary found
2025-11-08 11:10:08 | INFO     | aiapi.context | __exit__:213 | Completed generate_story_with_insertion in 28.648s
2025-11-08 11:10:23 | INFO     | aiapi.context | __enter__:206 | Starting generate_story_with_insertion [prompt=Viết câu chuyện ngắn 5 câu về một ngày đi làm]
2025-11-08 11:10:23 | INFO     | aiapi.src.aiapi.services.story_enhancement_service | generate_story_with_insertion:238 | Starting story generation with insertion: prompt='Viết câu chuyện ngắn 5 câu về một ngày đi làm...'
2025-11-08 11:10:23 | INFO     | aiapi.src.aiapi.services.story_enhancement_service | generate_story_with_insertion:250 | Generating base story (attempt 1/3)...
2025-11-08 11:10:28 | WARNING  | aiapi.src.aiapi.services.story_enhancement_service | generate_story_with_insertion:274 | Base story readability too low: 40 < 60
2025-11-08 11:10:28 | INFO     | aiapi.src.aiapi.services.story_enhancement_service | generate_story_with_insertion:278 | Regenerating story with simpler sentence structures...
2025-11-08 11:10:28 | INFO     | aiapi.src.aiapi.services.story_enhancement_service | generate_story_with_insertion:250 | Generating base story (attempt 2/3)...
2025-11-08 11:10:31 | INFO     | aiapi.src.aiapi.services.story_enhancement_service | generate_story_with_insertion:271 | Base story readability acceptable: 70
2025-11-08 11:10:31 | INFO     | aiapi.src.aiapi.services.story_enhancement_service | generate_story_with_insertion:318 | Base story generated: 423 characters
2025-11-08 11:10:31 | INFO     | aiapi.src.aiapi.services.story_enhancement_service | generate_story_with_insertion:321 | Analyzing story structure for insertion positions...
2025-11-08 11:10:31 | INFO     | aiapi.src.aiapi.services.story_enhancement_service | generate_story_with_insertion:322 | Story has 96 words
2025-11-08 11:10:31 | INFO     | aiapi.src.aiapi.services.word_insertion_service | analyze_story_structure:168 | Story split into 6 sentences
2025-11-08 11:10:35 | INFO     | aiapi.src.aiapi.services.word_insertion_service | analyze_sentence_structure:133 | Found 3 insertion positions for sentence
2025-11-08 11:10:35 | INFO     | aiapi.performance | __exit__:237 | analyze_sentence_structure: 4.098s
2025-11-08 11:10:37 | INFO     | aiapi.src.aiapi.services.word_insertion_service | analyze_sentence_structure:133 | Found 3 insertion positions for sentence
2025-11-08 11:10:37 | INFO     | aiapi.performance | __exit__:237 | analyze_sentence_structure: 2.121s
2025-11-08 11:10:39 | INFO     | aiapi.src.aiapi.services.word_insertion_service | analyze_sentence_structure:133 | Found 3 insertion positions for sentence
2025-11-08 11:10:39 | INFO     | aiapi.performance | __exit__:237 | analyze_sentence_structure: 1.655s
2025-11-08 11:10:40 | INFO     | aiapi.src.aiapi.services.word_insertion_service | analyze_sentence_structure:133 | Found 3 insertion positions for sentence
2025-11-08 11:10:40 | INFO     | aiapi.performance | __exit__:237 | analyze_sentence_structure: 1.647s
2025-11-08 11:10:44 | INFO     | aiapi.src.aiapi.services.word_insertion_service | analyze_sentence_structure:133 | Found 3 insertion positions for sentence
2025-11-08 11:10:44 | INFO     | aiapi.performance | __exit__:237 | analyze_sentence_structure: 3.405s
2025-11-08 11:10:46 | INFO     | aiapi.src.aiapi.services.word_insertion_service | analyze_sentence_structure:133 | Found 3 insertion positions for sentence
2025-11-08 11:10:46 | INFO     | aiapi.performance | __exit__:237 | analyze_sentence_structure: 1.924s
2025-11-08 11:10:46 | INFO     | aiapi.src.aiapi.services.word_insertion_service | analyze_story_structure:198 | ✅ Analyzed 6 sentences (0 skipped), found 18 total positions
2025-11-08 11:10:46 | INFO     | aiapi.src.aiapi.services.story_enhancement_service | generate_story_with_insertion:325 | Found 18 insertion positions
2025-11-08 11:10:46 | INFO     | aiapi.src.aiapi.services.story_enhancement_service | generate_story_with_insertion:353 | Selecting vocabulary for insertion (count: 5)...
2025-11-08 11:10:46 | INFO     | aiapi.src.aiapi.services.vocabulary_service | get_vocabulary_collection:32 | Initializing vocabulary collection...
2025-11-08 11:10:46 | INFO     | aiapi.src.aiapi.services.vocabulary_service | get_vocabulary_collection:42 | Vocabulary collection initialized: vocabulary
2025-11-08 11:10:46 | INFO     | aiapi.src.aiapi.services.vocabulary_service | search_vocabulary_semantic:280 | Found 6 vocabulary words for query: 'Hôm nay là một ngày tuyệt vời. Tôi thức dậy và thấy ánh nắng nhẹ nhàng rọi vào phòng. Sau khi ăn sáng một cách nhanh chóng, tôi đi làm. Đường phố khá đông vui và tôi đã gặp được nhiều người bạn cũ trên đường đi. Tại cơ quan, tôi đã hoàn thành nhiều việc và cùng đồng nghiệp tổ chức một bữa tiệc nhỏ để ăn mừng sự thành công của dự án. Cuối ngày, tôi về nhà với một nụ cười trên môi, tự hào về một ngày làm việc đầy ý nghĩa!'
2025-11-08 11:10:46 | INFO     | aiapi.performance | __exit__:237 | search_vocabulary_semantic: 0.261s
2025-11-08 11:10:46 | WARNING  | aiapi.src.aiapi.services.story_enhancement_service | generate_story_with_insertion:365 | No suitable vocabulary found
2025-11-08 11:10:46 | INFO     | aiapi.context | __exit__:213 | Completed generate_story_with_insertion in 23.176s
2025-11-08 11:14:06 | INFO     | aiapi.context | __enter__:206 | Starting generate_story_with_insertion [prompt=Viết câu chuyện ngắn 5 câu về một ngày đi làm]
2025-11-08 11:14:06 | INFO     | aiapi.src.aiapi.services.story_enhancement_service | generate_story_with_insertion:238 | Starting story generation with insertion: prompt='Viết câu chuyện ngắn 5 câu về một ngày đi làm...'
2025-11-08 11:14:06 | INFO     | aiapi.src.aiapi.services.story_enhancement_service | generate_story_with_insertion:250 | Generating base story (attempt 1/3)...
2025-11-08 11:14:09 | WARNING  | aiapi.src.aiapi.services.story_enhancement_service | generate_story_with_insertion:274 | Base story readability too low: 40 < 60
2025-11-08 11:14:09 | INFO     | aiapi.src.aiapi.services.story_enhancement_service | generate_story_with_insertion:278 | Regenerating story with simpler sentence structures...
2025-11-08 11:14:09 | INFO     | aiapi.src.aiapi.services.story_enhancement_service | generate_story_with_insertion:250 | Generating base story (attempt 2/3)...
2025-11-08 11:14:12 | WARNING  | aiapi.src.aiapi.services.story_enhancement_service | generate_story_with_insertion:274 | Base story readability too low: 55 < 60
2025-11-08 11:14:12 | INFO     | aiapi.src.aiapi.services.story_enhancement_service | generate_story_with_insertion:278 | Regenerating story with simpler sentence structures...
2025-11-08 11:14:12 | INFO     | aiapi.src.aiapi.services.story_enhancement_service | generate_story_with_insertion:250 | Generating base story (attempt 3/3)...
2025-11-08 11:14:16 | WARNING  | aiapi.src.aiapi.services.story_enhancement_service | generate_story_with_insertion:274 | Base story readability too low: 55 < 60
2025-11-08 11:14:16 | WARNING  | aiapi.src.aiapi.services.story_enhancement_service | generate_story_with_insertion:289 | Max regeneration attempts reached. Proceeding with current story.
2025-11-08 11:14:16 | INFO     | aiapi.src.aiapi.services.story_enhancement_service | generate_story_with_insertion:318 | Base story generated: 631 characters
2025-11-08 11:14:16 | INFO     | aiapi.src.aiapi.services.story_enhancement_service | generate_story_with_insertion:321 | Analyzing story structure for insertion positions...
2025-11-08 11:14:16 | INFO     | aiapi.src.aiapi.services.story_enhancement_service | generate_story_with_insertion:322 | Story has 141 words
2025-11-08 11:14:16 | INFO     | aiapi.src.aiapi.services.word_insertion_service | analyze_story_structure:168 | Story split into 7 sentences
2025-11-08 11:14:18 | INFO     | aiapi.src.aiapi.services.word_insertion_service | analyze_sentence_structure:133 | Found 3 insertion positions for sentence
2025-11-08 11:14:18 | INFO     | aiapi.performance | __exit__:237 | analyze_sentence_structure: 1.653s
2025-11-08 11:14:20 | INFO     | aiapi.src.aiapi.services.word_insertion_service | analyze_sentence_structure:133 | Found 3 insertion positions for sentence
2025-11-08 11:14:20 | INFO     | aiapi.performance | __exit__:237 | analyze_sentence_structure: 1.638s
2025-11-08 11:14:21 | INFO     | aiapi.src.aiapi.services.word_insertion_service | analyze_sentence_structure:133 | Found 3 insertion positions for sentence
2025-11-08 11:14:21 | INFO     | aiapi.performance | __exit__:237 | analyze_sentence_structure: 1.434s
2025-11-08 11:14:22 | INFO     | aiapi.src.aiapi.services.word_insertion_service | analyze_sentence_structure:133 | Found 3 insertion positions for sentence
2025-11-08 11:14:22 | INFO     | aiapi.performance | __exit__:237 | analyze_sentence_structure: 1.234s
2025-11-08 11:14:24 | INFO     | aiapi.src.aiapi.services.word_insertion_service | analyze_sentence_structure:133 | Found 3 insertion positions for sentence
2025-11-08 11:14:24 | INFO     | aiapi.performance | __exit__:237 | analyze_sentence_structure: 1.428s
2025-11-08 11:14:25 | INFO     | aiapi.src.aiapi.services.word_insertion_service | analyze_sentence_structure:133 | Found 3 insertion positions for sentence
2025-11-08 11:14:25 | INFO     | aiapi.performance | __exit__:237 | analyze_sentence_structure: 1.471s
2025-11-08 11:14:27 | INFO     | aiapi.src.aiapi.services.word_insertion_service | analyze_sentence_structure:133 | Found 3 insertion positions for sentence
2025-11-08 11:14:27 | INFO     | aiapi.performance | __exit__:237 | analyze_sentence_structure: 1.929s
2025-11-08 11:14:27 | INFO     | aiapi.src.aiapi.services.word_insertion_service | analyze_story_structure:198 | ✅ Analyzed 7 sentences (0 skipped), found 21 total positions
2025-11-08 11:14:27 | INFO     | aiapi.src.aiapi.services.story_enhancement_service | generate_story_with_insertion:325 | Found 21 insertion positions
2025-11-08 11:14:27 | INFO     | aiapi.src.aiapi.services.story_enhancement_service | generate_story_with_insertion:353 | Selecting vocabulary for insertion (count: 5)...
2025-11-08 11:14:28 | INFO     | aiapi.src.aiapi.services.vocabulary_service | get_vocabulary_collection:32 | Initializing vocabulary collection...
2025-11-08 11:14:28 | INFO     | aiapi.src.aiapi.services.vocabulary_service | get_vocabulary_collection:42 | Vocabulary collection initialized: vocabulary
2025-11-08 11:14:28 | INFO     | aiapi.src.aiapi.services.vocabulary_service | search_vocabulary_semantic:280 | Found 6 vocabulary words for query: 'Hôm nay là một ngày đẹp trời, và Nam cảm thấy hào hứng cho một ngày đi làm mới. Anh thức dậy sớm, chuẩn bị bữa sáng giản đơn với bánh mì và trứng chiên. Sau đó, Nam nhanh chóng thay đồ, mang theo chiếc cặp sách và bước ra khỏi nhà.

Khi đến công ty, anh gặp gỡ những đồng nghiệp thân thiện. Họ cùng nhau trò chuyện vui vẻ trong lúc uống cà phê trước khi bắt đầu làm việc. Suốt cả ngày, Nam đã hoàn thành nhiều dự án thú vị và cảm thấy rất hài lòng với công việc của mình.

Cuối cùng, khi đồng hồ điểm'
2025-11-08 11:14:28 | INFO     | aiapi.performance | __exit__:237 | search_vocabulary_semantic: 0.282s
2025-11-08 11:14:28 | WARNING  | aiapi.src.aiapi.services.story_enhancement_service | generate_story_with_insertion:365 | No suitable vocabulary found
2025-11-08 11:14:28 | INFO     | aiapi.context | __exit__:213 | Completed generate_story_with_insertion in 22.222s
2025-11-08 11:16:21 | INFO     | aiapi.context | __enter__:206 | Starting generate_story_with_insertion [prompt=Viết câu chuyện ngắn 5 câu về một ngày đi làm]
2025-11-08 11:16:21 | INFO     | aiapi.src.aiapi.services.story_enhancement_service | generate_story_with_insertion:238 | Starting story generation with insertion: prompt='Viết câu chuyện ngắn 5 câu về một ngày đi làm...'
2025-11-08 11:16:21 | INFO     | aiapi.src.aiapi.services.story_enhancement_service | generate_story_with_insertion:250 | Generating base story (attempt 1/3)...
2025-11-08 11:16:30 | WARNING  | aiapi.src.aiapi.services.story_enhancement_service | generate_story_with_insertion:274 | Base story readability too low: 40 < 60
2025-11-08 11:16:30 | INFO     | aiapi.src.aiapi.services.story_enhancement_service | generate_story_with_insertion:278 | Regenerating story with simpler sentence structures...
2025-11-08 11:16:30 | INFO     | aiapi.src.aiapi.services.story_enhancement_service | generate_story_with_insertion:250 | Generating base story (attempt 2/3)...
2025-11-08 11:16:48 | INFO     | aiapi.context | __exit__:213 | Completed generate_story_with_insertion in 27.266s
2025-11-08 12:37:26 | INFO     | aiapi | <module>:27 | Starting AI Services API...
2025-11-08 12:37:26 | INFO     | aiapi | startup_event:122 | AI Services API started successfully
2025-11-08 12:37:26 | INFO     | aiapi | startup_event:123 | Rate limiting: enabled
2025-11-08 12:37:26 | INFO     | aiapi | startup_event:124 | ChromaDB path: ./chroma_data
2025-11-08 12:38:26 | INFO     | aiapi | search_and_enhance_story:39 | Searching ChromaDB for stories matching: 'Học tập'
2025-11-08 12:38:27 | INFO     | aiapi | search_and_enhance_story:78 | Selected story: 'Story' (ID: story_7, 737 chars)
2025-11-08 12:38:27 | INFO     | aiapi | search_and_enhance_story:81 | Analyzing story structure for insertion positions...
2025-11-08 12:38:27 | INFO     | aiapi.aiapi.services.word_insertion_service | analyze_story_structure:168 | Story split into 11 sentences
2025-11-08 12:38:29 | INFO     | aiapi.aiapi.services.word_insertion_service | analyze_sentence_structure:133 | Found 3 insertion positions for sentence
2025-11-08 12:38:29 | INFO     | aiapi.performance | __exit__:237 | analyze_sentence_structure: 2.102s
2025-11-08 12:38:31 | INFO     | aiapi.aiapi.services.word_insertion_service | analyze_sentence_structure:133 | Found 3 insertion positions for sentence
2025-11-08 12:38:31 | INFO     | aiapi.performance | __exit__:237 | analyze_sentence_structure: 1.711s
2025-11-08 12:38:32 | INFO     | aiapi.aiapi.services.word_insertion_service | analyze_sentence_structure:133 | Found 3 insertion positions for sentence
2025-11-08 12:38:32 | INFO     | aiapi.performance | __exit__:237 | analyze_sentence_structure: 1.405s
2025-11-08 12:38:34 | INFO     | aiapi.aiapi.services.word_insertion_service | analyze_sentence_structure:133 | Found 3 insertion positions for sentence
2025-11-08 12:38:34 | INFO     | aiapi.performance | __exit__:237 | analyze_sentence_structure: 1.352s
2025-11-08 12:38:35 | INFO     | aiapi.aiapi.services.word_insertion_service | analyze_sentence_structure:133 | Found 3 insertion positions for sentence
2025-11-08 12:38:35 | INFO     | aiapi.performance | __exit__:237 | analyze_sentence_structure: 1.438s
2025-11-08 12:38:37 | INFO     | aiapi.aiapi.services.word_insertion_service | analyze_sentence_structure:133 | Found 3 insertion positions for sentence
2025-11-08 12:38:37 | INFO     | aiapi.performance | __exit__:237 | analyze_sentence_structure: 1.457s
2025-11-08 12:38:38 | INFO     | aiapi.aiapi.services.word_insertion_service | analyze_sentence_structure:133 | Found 3 insertion positions for sentence
2025-11-08 12:38:38 | INFO     | aiapi.performance | __exit__:237 | analyze_sentence_structure: 1.507s
2025-11-08 12:38:39 | INFO     | aiapi.aiapi.services.word_insertion_service | analyze_sentence_structure:133 | Found 3 insertion positions for sentence
2025-11-08 12:38:39 | INFO     | aiapi.performance | __exit__:237 | analyze_sentence_structure: 1.374s
2025-11-08 12:38:41 | INFO     | aiapi.aiapi.services.word_insertion_service | analyze_sentence_structure:133 | Found 3 insertion positions for sentence
2025-11-08 12:38:41 | INFO     | aiapi.performance | __exit__:237 | analyze_sentence_structure: 1.492s
2025-11-08 12:38:43 | INFO     | aiapi.aiapi.services.word_insertion_service | analyze_sentence_structure:133 | Found 3 insertion positions for sentence
2025-11-08 12:38:43 | INFO     | aiapi.performance | __exit__:237 | analyze_sentence_structure: 1.644s
2025-11-08 12:38:44 | INFO     | aiapi.aiapi.services.word_insertion_service | analyze_sentence_structure:133 | Found 3 insertion positions for sentence
2025-11-08 12:38:44 | INFO     | aiapi.performance | __exit__:237 | analyze_sentence_structure: 1.692s
2025-11-08 12:38:44 | INFO     | aiapi.aiapi.services.word_insertion_service | analyze_story_structure:198 | ✅ Analyzed 11 sentences (0 skipped), found 33 total positions
2025-11-08 12:38:44 | INFO     | aiapi | search_and_enhance_story:83 | Found 33 insertion positions
2025-11-08 12:38:44 | INFO     | aiapi | search_and_enhance_story:110 | Selecting vocabulary (topic: technology, difficulty: intermediate)...
2025-11-08 12:38:45 | INFO     | aiapi.aiapi.services.vocabulary_service | get_vocabulary_collection:32 | Initializing vocabulary collection...
2025-11-08 12:38:45 | INFO     | aiapi.aiapi.services.vocabulary_service | get_vocabulary_collection:42 | Vocabulary collection initialized: vocabulary
2025-11-08 12:38:45 | INFO     | aiapi.aiapi.services.vocabulary_service | search_vocabulary_semantic:280 | Found 37 vocabulary words for query: 'Để học tập hiệu quả, chúng ta cần có phương pháp phù hợp. Đầu tiên, hãy tạo một môi trường học tập yên tĩnh và thoải mái. Bàn học nên được sắp xếp gọn gàng với đầy đủ tài liệu cần thiết. Thứ hai, lập kế hoạch học tập cụ thể với mục tiêu rõ ràng cho từng ngày. Chia nhỏ kiến thức thành các phần dễ tiếp thu hơn. Thứ ba, sử dụng nhiều phương pháp học khác nhau như đọc, viết, nghe và thực hành. Kỹ thuật Pomodoro giúp duy trì sự tập trung bằng cách học 25 phút rồi nghỉ 5 phút. Thứ tư, ghi chép bằng tay giúp ghi nhớ tốt hơn so với gõ máy tính. Sử dụng sơ đồ tư duy để tổ chức thông tin một cách trực quan. Thứ năm, ôn tập thường xuyên theo khoảng cách thời gian tăng dần. Cuối cùng, tham gia nhóm học tập để trao đổi và củng cố kiến thức.'
2025-11-08 12:38:45 | INFO     | aiapi.performance | __exit__:237 | search_vocabulary_semantic: 0.233s
2025-11-08 12:38:45 | WARNING  | aiapi | search_and_enhance_story:121 | No suitable vocabulary found
2025-11-08 12:40:14 | INFO     | aiapi.aiapi.services.vocabulary_service | get_vocabulary_collection:32 | Initializing vocabulary collection...
2025-11-08 12:40:14 | INFO     | aiapi.aiapi.services.vocabulary_service | get_vocabulary_collection:42 | Vocabulary collection initialized: vocabulary
2025-11-08 12:40:29 | INFO     | aiapi | search_and_enhance_story:39 | Searching ChromaDB for stories matching: 'Học tập'
2025-11-08 12:40:29 | INFO     | aiapi | search_and_enhance_story:78 | Selected story: 'Story' (ID: story_7, 737 chars)
2025-11-08 12:40:29 | INFO     | aiapi | search_and_enhance_story:81 | Analyzing story structure for insertion positions...
2025-11-08 12:40:29 | INFO     | aiapi.aiapi.services.word_insertion_service | analyze_story_structure:168 | Story split into 11 sentences
2025-11-08 12:40:31 | INFO     | aiapi.aiapi.services.word_insertion_service | analyze_sentence_structure:133 | Found 3 insertion positions for sentence
2025-11-08 12:40:31 | INFO     | aiapi.performance | __exit__:237 | analyze_sentence_structure: 1.799s
2025-11-08 12:40:33 | INFO     | aiapi.aiapi.services.word_insertion_service | analyze_sentence_structure:133 | Found 3 insertion positions for sentence
2025-11-08 12:40:33 | INFO     | aiapi.performance | __exit__:237 | analyze_sentence_structure: 1.903s
2025-11-08 12:40:35 | INFO     | aiapi.aiapi.services.word_insertion_service | analyze_sentence_structure:133 | Found 3 insertion positions for sentence
2025-11-08 12:40:35 | INFO     | aiapi.performance | __exit__:237 | analyze_sentence_structure: 1.437s
2025-11-08 12:40:36 | INFO     | aiapi.aiapi.services.word_insertion_service | analyze_sentence_structure:133 | Found 3 insertion positions for sentence
2025-11-08 12:40:36 | INFO     | aiapi.performance | __exit__:237 | analyze_sentence_structure: 1.738s
2025-11-08 12:40:38 | INFO     | aiapi.aiapi.services.word_insertion_service | analyze_sentence_structure:133 | Found 3 insertion positions for sentence
2025-11-08 12:40:38 | INFO     | aiapi.performance | __exit__:237 | analyze_sentence_structure: 1.335s
2025-11-08 12:40:39 | INFO     | aiapi.aiapi.services.word_insertion_service | analyze_sentence_structure:133 | Found 3 insertion positions for sentence
2025-11-08 12:40:39 | INFO     | aiapi.performance | __exit__:237 | analyze_sentence_structure: 1.211s
2025-11-08 12:40:40 | INFO     | aiapi | search_and_enhance_story:39 | Searching ChromaDB for stories matching: 'Học tập'
2025-11-08 12:40:40 | INFO     | aiapi | search_and_enhance_story:78 | Selected story: 'Story' (ID: story_7, 737 chars)
2025-11-08 12:40:40 | INFO     | aiapi | search_and_enhance_story:81 | Analyzing story structure for insertion positions...
2025-11-08 12:40:40 | INFO     | aiapi.aiapi.services.word_insertion_service | analyze_story_structure:168 | Story split into 11 sentences
2025-11-08 12:40:40 | INFO     | aiapi.aiapi.services.word_insertion_service | analyze_sentence_structure:133 | Found 3 insertion positions for sentence
2025-11-08 12:40:40 | INFO     | aiapi.performance | __exit__:237 | analyze_sentence_structure: 1.626s
2025-11-08 12:40:42 | INFO     | aiapi.aiapi.services.word_insertion_service | analyze_sentence_structure:133 | Found 3 insertion positions for sentence
2025-11-08 12:40:42 | INFO     | aiapi.performance | __exit__:237 | analyze_sentence_structure: 1.392s
2025-11-08 12:40:42 | INFO     | aiapi.aiapi.services.word_insertion_service | analyze_sentence_structure:133 | Found 3 insertion positions for sentence
2025-11-08 12:40:42 | INFO     | aiapi.performance | __exit__:237 | analyze_sentence_structure: 1.722s
2025-11-08 12:40:43 | INFO     | aiapi.aiapi.services.word_insertion_service | analyze_sentence_structure:133 | Found 3 insertion positions for sentence
2025-11-08 12:40:43 | INFO     | aiapi.performance | __exit__:237 | analyze_sentence_structure: 1.427s
2025-11-08 12:40:44 | INFO     | aiapi.aiapi.services.word_insertion_service | analyze_sentence_structure:133 | Found 3 insertion positions for sentence
2025-11-08 12:40:44 | INFO     | aiapi.performance | __exit__:237 | analyze_sentence_structure: 1.616s
2025-11-08 12:40:45 | INFO     | aiapi.aiapi.services.word_insertion_service | analyze_sentence_structure:133 | Found 3 insertion positions for sentence
2025-11-08 12:40:45 | INFO     | aiapi.performance | __exit__:237 | analyze_sentence_structure: 1.412s
2025-11-08 12:40:45 | INFO     | aiapi.aiapi.services.word_insertion_service | analyze_sentence_structure:133 | Found 3 insertion positions for sentence
2025-11-08 12:40:45 | INFO     | aiapi.performance | __exit__:237 | analyze_sentence_structure: 1.211s
2025-11-08 12:40:46 | INFO     | aiapi.aiapi.services.word_insertion_service | analyze_sentence_structure:133 | Found 3 insertion positions for sentence
2025-11-08 12:40:46 | INFO     | aiapi.performance | __exit__:237 | analyze_sentence_structure: 1.716s
2025-11-08 12:40:46 | INFO     | aiapi.aiapi.services.word_insertion_service | analyze_sentence_structure:133 | Found 3 insertion positions for sentence
2025-11-08 12:40:46 | INFO     | aiapi.aiapi.services.word_insertion_service | analyze_story_structure:198 | ✅ Analyzed 11 sentences (0 skipped), found 33 total positions
2025-11-08 12:40:46 | INFO     | aiapi.performance | __exit__:237 | analyze_sentence_structure: 1.638s
2025-11-08 12:40:46 | INFO     | aiapi | search_and_enhance_story:83 | Found 33 insertion positions
2025-11-08 12:40:46 | INFO     | aiapi | search_and_enhance_story:110 | Selecting vocabulary (topic: technology, difficulty: beginner)...
2025-11-08 12:40:47 | INFO     | aiapi.aiapi.services.vocabulary_service | search_vocabulary_semantic:280 | Found 20 vocabulary words for query: 'Để học tập hiệu quả, chúng ta cần có phương pháp phù hợp. Đầu tiên, hãy tạo một môi trường học tập yên tĩnh và thoải mái. Bàn học nên được sắp xếp gọn gàng với đầy đủ tài liệu cần thiết. Thứ hai, lập kế hoạch học tập cụ thể với mục tiêu rõ ràng cho từng ngày. Chia nhỏ kiến thức thành các phần dễ tiếp thu hơn. Thứ ba, sử dụng nhiều phương pháp học khác nhau như đọc, viết, nghe và thực hành. Kỹ thuật Pomodoro giúp duy trì sự tập trung bằng cách học 25 phút rồi nghỉ 5 phút. Thứ tư, ghi chép bằng tay giúp ghi nhớ tốt hơn so với gõ máy tính. Sử dụng sơ đồ tư duy để tổ chức thông tin một cách trực quan. Thứ năm, ôn tập thường xuyên theo khoảng cách thời gian tăng dần. Cuối cùng, tham gia nhóm học tập để trao đổi và củng cố kiến thức.'
2025-11-08 12:40:47 | INFO     | aiapi.performance | __exit__:237 | search_vocabulary_semantic: 0.147s
2025-11-08 12:40:47 | WARNING  | aiapi | search_and_enhance_story:121 | No suitable vocabulary found
2025-11-08 12:40:48 | INFO     | aiapi.aiapi.services.word_insertion_service | analyze_sentence_structure:133 | Found 3 insertion positions for sentence
2025-11-08 12:40:48 | INFO     | aiapi.performance | __exit__:237 | analyze_sentence_structure: 1.449s
2025-11-08 12:40:49 | INFO     | aiapi.aiapi.services.word_insertion_service | analyze_sentence_structure:133 | Found 3 insertion positions for sentence
2025-11-08 12:40:49 | INFO     | aiapi.performance | __exit__:237 | analyze_sentence_structure: 1.547s
2025-11-08 12:40:51 | INFO     | aiapi.aiapi.services.word_insertion_service | analyze_sentence_structure:133 | Found 3 insertion positions for sentence
2025-11-08 12:40:51 | INFO     | aiapi.performance | __exit__:237 | analyze_sentence_structure: 1.446s
2025-11-08 12:40:52 | INFO     | aiapi.aiapi.services.word_insertion_service | analyze_sentence_structure:133 | Found 3 insertion positions for sentence
2025-11-08 12:40:52 | INFO     | aiapi.performance | __exit__:237 | analyze_sentence_structure: 1.336s
2025-11-08 12:40:53 | INFO     | aiapi.aiapi.services.word_insertion_service | analyze_sentence_structure:133 | Found 3 insertion positions for sentence
2025-11-08 12:40:53 | INFO     | aiapi.performance | __exit__:237 | analyze_sentence_structure: 1.263s
2025-11-08 12:40:55 | INFO     | aiapi.aiapi.services.word_insertion_service | analyze_sentence_structure:133 | Found 3 insertion positions for sentence
2025-11-08 12:40:55 | INFO     | aiapi.performance | __exit__:237 | analyze_sentence_structure: 1.274s
2025-11-08 12:40:56 | INFO     | aiapi.aiapi.services.word_insertion_service | analyze_sentence_structure:133 | Found 3 insertion positions for sentence
2025-11-08 12:40:56 | INFO     | aiapi.performance | __exit__:237 | analyze_sentence_structure: 1.426s
2025-11-08 12:40:56 | INFO     | aiapi.aiapi.services.word_insertion_service | analyze_story_structure:198 | ✅ Analyzed 11 sentences (0 skipped), found 33 total positions
2025-11-08 12:40:56 | INFO     | aiapi | search_and_enhance_story:83 | Found 33 insertion positions
2025-11-08 12:40:56 | INFO     | aiapi | search_and_enhance_story:110 | Selecting vocabulary (topic: technology, difficulty: beginner)...
2025-11-08 12:40:57 | INFO     | aiapi.aiapi.services.vocabulary_service | search_vocabulary_semantic:280 | Found 34 vocabulary words for query: 'Để học tập hiệu quả, chúng ta cần có phương pháp phù hợp. Đầu tiên, hãy tạo một môi trường học tập yên tĩnh và thoải mái. Bàn học nên được sắp xếp gọn gàng với đầy đủ tài liệu cần thiết. Thứ hai, lập kế hoạch học tập cụ thể với mục tiêu rõ ràng cho từng ngày. Chia nhỏ kiến thức thành các phần dễ tiếp thu hơn. Thứ ba, sử dụng nhiều phương pháp học khác nhau như đọc, viết, nghe và thực hành. Kỹ thuật Pomodoro giúp duy trì sự tập trung bằng cách học 25 phút rồi nghỉ 5 phút. Thứ tư, ghi chép bằng tay giúp ghi nhớ tốt hơn so với gõ máy tính. Sử dụng sơ đồ tư duy để tổ chức thông tin một cách trực quan. Thứ năm, ôn tập thường xuyên theo khoảng cách thời gian tăng dần. Cuối cùng, tham gia nhóm học tập để trao đổi và củng cố kiến thức.'
2025-11-08 12:40:57 | INFO     | aiapi.performance | __exit__:237 | search_vocabulary_semantic: 0.198s
2025-11-08 12:40:57 | WARNING  | aiapi | search_and_enhance_story:121 | No suitable vocabulary found
2025-11-08 12:41:02 | INFO     | aiapi.aiapi.services.vocabulary_service | get_vocabulary_collection:32 | Initializing vocabulary collection...
2025-11-08 12:41:03 | INFO     | aiapi.aiapi.services.vocabulary_service | get_vocabulary_collection:42 | Vocabulary collection initialized: vocabulary
2025-11-08 12:41:03 | INFO     | aiapi.aiapi.services.vocabulary_service | search_vocabulary_semantic:280 | Found 20 vocabulary words for query: 'Để học tập hiệu quả, chúng ta cần có phương pháp phù hợp.'
2025-11-08 12:41:03 | INFO     | aiapi.performance | __exit__:237 | search_vocabulary_semantic: 0.303s
2025-11-08 12:42:09 | INFO     | aiapi | <module>:27 | Starting AI Services API...
2025-11-08 12:42:09 | INFO     | aiapi | startup_event:122 | AI Services API started successfully
2025-11-08 12:42:09 | INFO     | aiapi | startup_event:123 | Rate limiting: enabled
2025-11-08 12:42:09 | INFO     | aiapi | startup_event:124 | ChromaDB path: ./chroma_data
2025-11-08 12:42:28 | INFO     | aiapi | search_and_enhance_story:39 | Searching ChromaDB for stories matching: 'Học tập'
2025-11-08 12:42:29 | INFO     | aiapi | search_and_enhance_story:78 | Selected story: 'Story' (ID: story_7, 737 chars)
2025-11-08 12:42:29 | INFO     | aiapi | search_and_enhance_story:81 | Analyzing story structure for insertion positions...
2025-11-08 12:42:29 | INFO     | aiapi.aiapi.services.word_insertion_service | analyze_story_structure:168 | Story split into 11 sentences
2025-11-08 12:42:31 | INFO     | aiapi.aiapi.services.word_insertion_service | analyze_sentence_structure:133 | Found 3 insertion positions for sentence
2025-11-08 12:42:31 | INFO     | aiapi.performance | __exit__:237 | analyze_sentence_structure: 1.664s
2025-11-08 12:42:33 | INFO     | aiapi.aiapi.services.word_insertion_service | analyze_sentence_structure:133 | Found 3 insertion positions for sentence
2025-11-08 12:42:33 | INFO     | aiapi.performance | __exit__:237 | analyze_sentence_structure: 2.244s
2025-11-08 12:42:34 | INFO     | aiapi.aiapi.services.word_insertion_service | analyze_sentence_structure:133 | Found 3 insertion positions for sentence
2025-11-08 12:42:34 | INFO     | aiapi.performance | __exit__:237 | analyze_sentence_structure: 1.432s
2025-11-08 12:42:36 | INFO     | aiapi.aiapi.services.word_insertion_service | analyze_sentence_structure:133 | Found 3 insertion positions for sentence
2025-11-08 12:42:36 | INFO     | aiapi.performance | __exit__:237 | analyze_sentence_structure: 1.432s
2025-11-08 12:42:37 | INFO     | aiapi.aiapi.services.word_insertion_service | analyze_sentence_structure:133 | Found 3 insertion positions for sentence
2025-11-08 12:42:37 | INFO     | aiapi.performance | __exit__:237 | analyze_sentence_structure: 1.149s
2025-11-08 12:42:38 | INFO     | aiapi.aiapi.services.word_insertion_service | analyze_sentence_structure:133 | Found 3 insertion positions for sentence
2025-11-08 12:42:38 | INFO     | aiapi.performance | __exit__:237 | analyze_sentence_structure: 1.615s
2025-11-08 12:42:40 | INFO     | aiapi.aiapi.services.word_insertion_service | analyze_sentence_structure:133 | Found 3 insertion positions for sentence
2025-11-08 12:42:40 | INFO     | aiapi.performance | __exit__:237 | analyze_sentence_structure: 1.841s
2025-11-08 12:42:42 | INFO     | aiapi.aiapi.services.word_insertion_service | analyze_sentence_structure:133 | Found 3 insertion positions for sentence
2025-11-08 12:42:42 | INFO     | aiapi.performance | __exit__:237 | analyze_sentence_structure: 1.952s
2025-11-08 12:42:44 | INFO     | aiapi.aiapi.services.word_insertion_service | analyze_sentence_structure:133 | Found 3 insertion positions for sentence
2025-11-08 12:42:44 | INFO     | aiapi.performance | __exit__:237 | analyze_sentence_structure: 1.640s
2025-11-08 12:42:46 | INFO     | aiapi.aiapi.services.word_insertion_service | analyze_sentence_structure:133 | Found 3 insertion positions for sentence
2025-11-08 12:42:46 | INFO     | aiapi.performance | __exit__:237 | analyze_sentence_structure: 1.716s
2025-11-08 12:42:47 | INFO     | aiapi.aiapi.services.word_insertion_service | analyze_sentence_structure:133 | Found 3 insertion positions for sentence
2025-11-08 12:42:47 | INFO     | aiapi.performance | __exit__:237 | analyze_sentence_structure: 1.862s
2025-11-08 12:42:47 | INFO     | aiapi.aiapi.services.word_insertion_service | analyze_story_structure:198 | ✅ Analyzed 11 sentences (0 skipped), found 33 total positions
2025-11-08 12:42:47 | INFO     | aiapi | search_and_enhance_story:83 | Found 33 insertion positions
2025-11-08 12:42:47 | INFO     | aiapi | search_and_enhance_story:110 | Selecting vocabulary (topic: technology, difficulty: beginner)...
2025-11-08 12:42:48 | INFO     | aiapi.aiapi.services.vocabulary_service | get_vocabulary_collection:32 | Initializing vocabulary collection...
2025-11-08 12:42:48 | INFO     | aiapi.aiapi.services.vocabulary_service | get_vocabulary_collection:42 | Vocabulary collection initialized: vocabulary
2025-11-08 12:42:48 | INFO     | aiapi.aiapi.services.vocabulary_service | search_vocabulary_semantic:280 | Found 20 vocabulary words for query: 'Để học tập hiệu quả, chúng ta cần có phương pháp phù hợp. Đầu tiên, hãy tạo một môi trường học tập yên tĩnh và thoải mái. Bàn học nên được sắp xếp gọn gàng với đầy đủ tài liệu cần thiết. Thứ hai, lập kế hoạch học tập cụ thể với mục tiêu rõ ràng cho từng ngày. Chia nhỏ kiến thức thành các phần dễ tiếp thu hơn. Thứ ba, sử dụng nhiều phương pháp học khác nhau như đọc, viết, nghe và thực hành. Kỹ thuật Pomodoro giúp duy trì sự tập trung bằng cách học 25 phút rồi nghỉ 5 phút. Thứ tư, ghi chép bằng tay giúp ghi nhớ tốt hơn so với gõ máy tính. Sử dụng sơ đồ tư duy để tổ chức thông tin một cách trực quan. Thứ năm, ôn tập thường xuyên theo khoảng cách thời gian tăng dần. Cuối cùng, tham gia nhóm học tập để trao đổi và củng cố kiến thức.'
2025-11-08 12:42:48 | INFO     | aiapi.performance | __exit__:237 | search_vocabulary_semantic: 0.227s
2025-11-08 12:42:51 | INFO     | aiapi | search_and_enhance_story:144 | Selected 5 vocabulary words
2025-11-08 12:42:51 | ERROR    | aiapi | search_and_enhance_story:187 | Error in search_and_enhance_story: calculate_insertion_metrics() got an unexpected keyword argument 'original_story'
Traceback (most recent call last):
  File "/Users/cuongpm/Documents/GitHub/lucky_/aiapi/src/aiapi/services/story_search_service.py", line 160, in search_and_enhance_story
    metrics = calculate_insertion_metrics(
              ^^^^^^^^^^^^^^^^^^^^^^^^^^^^
TypeError: calculate_insertion_metrics() got an unexpected keyword argument 'original_story'
2025-11-08 12:46:55 | INFO     | aiapi | <module>:27 | Starting AI Services API...
2025-11-08 12:46:55 | INFO     | aiapi | startup_event:122 | AI Services API started successfully
2025-11-08 12:46:55 | INFO     | aiapi | startup_event:123 | Rate limiting: enabled
2025-11-08 12:46:55 | INFO     | aiapi | startup_event:124 | ChromaDB path: ./chroma_data
2025-11-08 12:49:57 | INFO     | aiapi | search_and_enhance_story:39 | Searching ChromaDB for stories matching: 'Học tập'
2025-11-08 12:49:58 | INFO     | aiapi | search_and_enhance_story:78 | Selected story: 'Story' (ID: story_7, 737 chars)
2025-11-08 12:49:58 | INFO     | aiapi | search_and_enhance_story:81 | Analyzing story structure for insertion positions...
2025-11-08 12:49:58 | INFO     | aiapi.aiapi.services.word_insertion_service | analyze_story_structure:168 | Story split into 11 sentences
2025-11-08 12:50:00 | INFO     | aiapi.aiapi.services.word_insertion_service | analyze_sentence_structure:133 | Found 3 insertion positions for sentence
2025-11-08 12:50:00 | INFO     | aiapi.performance | __exit__:237 | analyze_sentence_structure: 1.996s
2025-11-08 12:50:02 | INFO     | aiapi.aiapi.services.word_insertion_service | analyze_sentence_structure:133 | Found 3 insertion positions for sentence
2025-11-08 12:50:02 | INFO     | aiapi.performance | __exit__:237 | analyze_sentence_structure: 1.637s
2025-11-08 12:50:03 | INFO     | aiapi.aiapi.services.word_insertion_service | analyze_sentence_structure:133 | Found 3 insertion positions for sentence
2025-11-08 12:50:03 | INFO     | aiapi.performance | __exit__:237 | analyze_sentence_structure: 1.698s
2025-11-08 12:50:05 | INFO     | aiapi.aiapi.services.word_insertion_service | analyze_sentence_structure:133 | Found 3 insertion positions for sentence
2025-11-08 12:50:05 | INFO     | aiapi.performance | __exit__:237 | analyze_sentence_structure: 1.698s
2025-11-08 12:50:07 | INFO     | aiapi.aiapi.services.word_insertion_service | analyze_sentence_structure:133 | Found 3 insertion positions for sentence
2025-11-08 12:50:07 | INFO     | aiapi.performance | __exit__:237 | analyze_sentence_structure: 1.657s
2025-11-08 12:50:09 | INFO     | aiapi.aiapi.services.word_insertion_service | analyze_sentence_structure:133 | Found 3 insertion positions for sentence
2025-11-08 12:50:09 | INFO     | aiapi.performance | __exit__:237 | analyze_sentence_structure: 2.075s
2025-11-08 12:50:11 | INFO     | aiapi.aiapi.services.word_insertion_service | analyze_sentence_structure:133 | Found 3 insertion positions for sentence
2025-11-08 12:50:11 | INFO     | aiapi.performance | __exit__:237 | analyze_sentence_structure: 1.857s
2025-11-08 12:50:13 | INFO     | aiapi.aiapi.services.word_insertion_service | analyze_sentence_structure:133 | Found 3 insertion positions for sentence
2025-11-08 12:50:13 | INFO     | aiapi.performance | __exit__:237 | analyze_sentence_structure: 2.179s
2025-11-08 12:50:15 | INFO     | aiapi.aiapi.services.word_insertion_service | analyze_sentence_structure:133 | Found 3 insertion positions for sentence
2025-11-08 12:50:15 | INFO     | aiapi.performance | __exit__:237 | analyze_sentence_structure: 1.904s
2025-11-08 12:50:16 | INFO     | aiapi.aiapi.services.word_insertion_service | analyze_sentence_structure:133 | Found 3 insertion positions for sentence
2025-11-08 12:50:16 | INFO     | aiapi.performance | __exit__:237 | analyze_sentence_structure: 1.610s
2025-11-08 12:50:18 | INFO     | aiapi.aiapi.services.word_insertion_service | analyze_sentence_structure:133 | Found 3 insertion positions for sentence
2025-11-08 12:50:18 | INFO     | aiapi.performance | __exit__:237 | analyze_sentence_structure: 1.868s
2025-11-08 12:50:18 | INFO     | aiapi.aiapi.services.word_insertion_service | analyze_story_structure:198 | ✅ Analyzed 11 sentences (0 skipped), found 33 total positions
2025-11-08 12:50:18 | INFO     | aiapi | search_and_enhance_story:83 | Found 33 insertion positions
2025-11-08 12:50:18 | INFO     | aiapi | search_and_enhance_story:110 | Selecting vocabulary (topic: technology, difficulty: beginner)...
2025-11-08 12:50:19 | INFO     | aiapi.aiapi.services.vocabulary_service | get_vocabulary_collection:32 | Initializing vocabulary collection...
2025-11-08 12:50:19 | INFO     | aiapi.aiapi.services.vocabulary_service | get_vocabulary_collection:42 | Vocabulary collection initialized: vocabulary
2025-11-08 12:50:19 | INFO     | aiapi.aiapi.services.vocabulary_service | search_vocabulary_semantic:280 | Found 20 vocabulary words for query: 'Để học tập hiệu quả, chúng ta cần có phương pháp phù hợp. Đầu tiên, hãy tạo một môi trường học tập yên tĩnh và thoải mái. Bàn học nên được sắp xếp gọn gàng với đầy đủ tài liệu cần thiết. Thứ hai, lập kế hoạch học tập cụ thể với mục tiêu rõ ràng cho từng ngày. Chia nhỏ kiến thức thành các phần dễ tiếp thu hơn. Thứ ba, sử dụng nhiều phương pháp học khác nhau như đọc, viết, nghe và thực hành. Kỹ thuật Pomodoro giúp duy trì sự tập trung bằng cách học 25 phút rồi nghỉ 5 phút. Thứ tư, ghi chép bằng tay giúp ghi nhớ tốt hơn so với gõ máy tính. Sử dụng sơ đồ tư duy để tổ chức thông tin một cách trực quan. Thứ năm, ôn tập thường xuyên theo khoảng cách thời gian tăng dần. Cuối cùng, tham gia nhóm học tập để trao đổi và củng cố kiến thức.'
2025-11-08 12:50:19 | INFO     | aiapi.performance | __exit__:237 | search_vocabulary_semantic: 0.219s
2025-11-08 12:50:22 | INFO     | aiapi | search_and_enhance_story:144 | Selected 5 vocabulary words
2025-11-08 12:50:22 | INFO     | aiapi.aiapi.services.story_enhancement_service | calculate_insertion_metrics:179 | Metrics calculated: 5 insertions, density: 3.05%, readability: 55
2025-11-08 12:50:22 | INFO     | aiapi | search_and_enhance_story:167 | ✅ Story enhanced successfully: 5 words inserted in 24485ms
2025-11-08 12:52:14 | INFO     | aiapi | search_and_enhance_story:39 | Searching ChromaDB for stories matching: 'đi làm'
2025-11-08 12:52:15 | INFO     | aiapi | search_and_enhance_story:78 | Selected story: 'Story' (ID: story_1, 643 chars)
2025-11-08 12:52:15 | INFO     | aiapi | search_and_enhance_story:81 | Analyzing story structure for insertion positions...
2025-11-08 12:52:15 | INFO     | aiapi.aiapi.services.word_insertion_service | analyze_story_structure:168 | Story split into 11 sentences
2025-11-08 12:52:16 | INFO     | aiapi.aiapi.services.word_insertion_service | analyze_sentence_structure:133 | Found 3 insertion positions for sentence
2025-11-08 12:52:16 | INFO     | aiapi.performance | __exit__:237 | analyze_sentence_structure: 1.517s
2025-11-08 12:52:18 | INFO     | aiapi.aiapi.services.word_insertion_service | analyze_sentence_structure:133 | Found 3 insertion positions for sentence
2025-11-08 12:52:18 | INFO     | aiapi.performance | __exit__:237 | analyze_sentence_structure: 2.013s
2025-11-08 12:52:20 | INFO     | aiapi.aiapi.services.word_insertion_service | analyze_sentence_structure:133 | Found 3 insertion positions for sentence
2025-11-08 12:52:20 | INFO     | aiapi.performance | __exit__:237 | analyze_sentence_structure: 1.299s
2025-11-08 12:52:21 | INFO     | aiapi.aiapi.services.word_insertion_service | analyze_sentence_structure:133 | Found 3 insertion positions for sentence
2025-11-08 12:52:21 | INFO     | aiapi.performance | __exit__:237 | analyze_sentence_structure: 1.235s
2025-11-08 12:52:22 | INFO     | aiapi.aiapi.services.word_insertion_service | analyze_sentence_structure:133 | Found 3 insertion positions for sentence
2025-11-08 12:52:22 | INFO     | aiapi.performance | __exit__:237 | analyze_sentence_structure: 1.373s
2025-11-08 12:52:24 | INFO     | aiapi.aiapi.services.word_insertion_service | analyze_sentence_structure:133 | Found 3 insertion positions for sentence
2025-11-08 12:52:24 | INFO     | aiapi.performance | __exit__:237 | analyze_sentence_structure: 1.402s
2025-11-08 12:52:25 | INFO     | aiapi.aiapi.services.word_insertion_service | analyze_sentence_structure:133 | Found 3 insertion positions for sentence
2025-11-08 12:52:25 | INFO     | aiapi.performance | __exit__:237 | analyze_sentence_structure: 1.523s
2025-11-08 12:52:27 | INFO     | aiapi.aiapi.services.word_insertion_service | analyze_sentence_structure:133 | Found 3 insertion positions for sentence
2025-11-08 12:52:27 | INFO     | aiapi.performance | __exit__:237 | analyze_sentence_structure: 1.506s
2025-11-08 12:52:28 | INFO     | aiapi.aiapi.services.word_insertion_service | analyze_sentence_structure:133 | Found 3 insertion positions for sentence
2025-11-08 12:52:28 | INFO     | aiapi.performance | __exit__:237 | analyze_sentence_structure: 1.483s
2025-11-08 12:52:30 | INFO     | aiapi.aiapi.services.word_insertion_service | analyze_sentence_structure:133 | Found 3 insertion positions for sentence
2025-11-08 12:52:30 | INFO     | aiapi.performance | __exit__:237 | analyze_sentence_structure: 1.406s
2025-11-08 12:52:31 | INFO     | aiapi.aiapi.services.word_insertion_service | analyze_sentence_structure:133 | Found 3 insertion positions for sentence
2025-11-08 12:52:31 | INFO     | aiapi.performance | __exit__:237 | analyze_sentence_structure: 1.400s
2025-11-08 12:52:31 | INFO     | aiapi.aiapi.services.word_insertion_service | analyze_story_structure:198 | ✅ Analyzed 11 sentences (0 skipped), found 33 total positions
2025-11-08 12:52:31 | INFO     | aiapi | search_and_enhance_story:83 | Found 33 insertion positions
2025-11-08 12:52:31 | INFO     | aiapi | search_and_enhance_story:110 | Selecting vocabulary (topic: technology, difficulty: beginner)...
2025-11-08 12:52:32 | INFO     | aiapi.aiapi.services.vocabulary_service | search_vocabulary_semantic:280 | Found 34 vocabulary words for query: 'Hôm nay là ngày đầu tiên tôi đi làm ở công ty mới. Tôi thức dậy từ sáng sớm để chuẩn bị. Sau khi ăn sáng, tôi mặc bộ vest đen và đi xe buýt đến văn phòng. Công ty nằm ở tầng 15 của một tòa nhà cao tầng. Khi đến nơi, người quản lý đã giới thiệu tôi với các đồng nghiệp. Họ rất thân thiện và nhiệt tình. Buổi sáng, tôi được hướng dẫn về quy trình làm việc và các dự án đang thực hiện. Buổi trưa, cả nhóm cùng đi ăn trưa tại một nhà hàng gần đó. Chúng tôi trò chuyện vui vẻ và tôi cảm thấy được chào đón. Buổi chiều, tôi bắt đầu làm quen với công việc của mình. Mặc dù có nhiều thứ mới mẻ, nhưng tôi rất hào hứng và mong chờ những ngày tiếp theo.'
2025-11-08 12:52:32 | INFO     | aiapi.performance | __exit__:237 | search_vocabulary_semantic: 0.260s
2025-11-08 12:52:38 | INFO     | aiapi | search_and_enhance_story:144 | Selected 10 vocabulary words
2025-11-08 12:52:38 | INFO     | aiapi.aiapi.services.story_enhancement_service | calculate_insertion_metrics:179 | Metrics calculated: 10 insertions, density: 6.80%, readability: 55
2025-11-08 12:52:38 | INFO     | aiapi | search_and_enhance_story:167 | ✅ Story enhanced successfully: 10 words inserted in 23887ms
